ADJ	3-ḫ	kig+am+ġe	dreifach
ADJ	allanoḫḫe	alla+n+o+ḫḫe	königlich (weiblich)
ADJ	allanōḫḫi	alla+n+o+ḫḫe	königlich (weiblich)
ADJ	alvovade	alv+o+vade	u.B.
ADJ	amatte	ammatte	früher, uralt
ADJ	amāttī	ammatte	früher, uralt
ADJ	ammatti	ammatte	früher, uralt
ADJ	aštoḫḫe	ašt+o+ḫḫe	weiblich
ADJ	aštuḫḫ	ašt+o+ḫḫe	weiblich
ADJ	āštuḫḫē	ašt+o+ḫḫe	weiblich
ADJ	aštuḫḫi	ašt+o+ḫḫe	weiblich
ADJ	āštuḫḫi	ašt+o+ḫḫe	weiblich
ADJ	DAGAL	DAGAL	breit
ADJ	DAGAL-	DAGAL	breit
ADJ	DAGAL-n	DAGAL.ni	breit
ADJ	egōn	eg+ō+ni	rein
ADJ	egonni	eg+o+nni	rein?; süß?
ADJ	egun	eg+o+nni	rein?; süß?
ADJ	egunn	eg+o+nni	rein?; süß?
ADJ	egunni	eg+o+nni	rein?; süß?
ADJ	faġraži	faġr+a+že	gut; schön
ADJ	faġrože	faġr+o+že	gut; schön
ADJ	faġruwāde	faġr+o+vāde	ungut
ADJ	fāġruwād	faġr+o+vāde	ungut
ADJ	faġruž	faġr+o+že	gut; schön
ADJ	faġruži	faġr+o+že	gut; schön
ADJ	ḫattoġe	ḫatt+o+ġe	hethitisch
ADJ	ḫattuġe	ḫatt+o+ġe	hethitisch
ADJ	ḫiarun	ḫiar+o+ni	sämtliche
ADJ	ḫimzatḫōži	ḫimz+atḫ+ō+že	gegürtet
ADJ	ḫižmūž	ḫižm+o+že	glänzend
ADJ	ḫōmaroḫḫe	ḫōm+ar+o+ḫḫe	lapislazuli
ADJ	ḫōmaruḫḫi	ḫōm+ar+o+ḫḫe	lapislazuli
ADJ	itkundōri	itk+und+o+re	gereinigt
ADJ	kēraži	ker+a+šše	dauerhaft; lang
ADJ	kērāži	ker+ā+že	dauerhaft; lang
ADJ	kirašši	ker+a+šše	dauerhaft; lang
ADJ	kiraži	ker+ā+že	dauerhaft; lang
ADJ	kirāži	ker+ā+že	dauerhaft; lang
ADJ	kirētte	kerētte	lang?
ADJ	kummōġi	kumm+ō+ġe	zu Kumme gehörig
ADJ	naḫḫovade	naḫḫ+o+vade	unbesiedelte
ADJ	natkāmmani	natk+āmm+a+ni	zerstört?
ADJ	nerubādi	nir+o+bāde	ungut
ADJ	ninuwaġe	ninuwa+ġe	ninivitisch
ADJ	nirubādi	nir+o+bāde	ungut
ADJ	nirži	nir+že	gut
ADJ	nirž	nir+že	gut
ADJ	ōlluḫḫ	ōll+o+ḫḫe	niedergedrückt?
ADJ	olvi	olvi	fremd?
ADJ	pāġrōž	faġr+o+že	gut; schön
ADJ	paġrōži	faġr+o+že	gut; schön
ADJ	pāġrōži	faġr+o+že	gut; schön
ADJ	paġrubādi	faġr+o+vāde	ungut
ADJ	paġruže	faġr+o+že	gut; schön
ADJ	paġruži	faġr+o+že	gut; schön
ADJ	pailia	pa+ilia	gebaut
ADJ	šallae	šallae	verschluckte
ADJ	šāllae	šallae	verschluckte
ADJ	šēdoʾilia	šēd+oʾ+ilia	fett-gemachte
ADJ	šēġali	šeġali	rein
ADJ	šeġal	šeġali	rein
ADJ	šēġal	šeġali	rein
ADJ	šēġalubad	šēġal+o+bade	unrein
ADJ	šiġal	šeġali	rein
ADJ	šumme	šummi	ganz; gänzlich
ADJ	šummi	šummi	ganz; gänzlich
ADJ	šummī	šummi	ganz; gänzlich
ADJ	šumm	šummi	ganz; gänzlich
ADJ	tabilia	tab+ilia	Gegossene
ADJ	tādiašši	tād+i+a+šše	die Liebende; die Liebliche
ADJ	tagēže	tage+že	hell
ADJ	tagiže	tage+že	hell
ADJ	tāgiže	tage+že	hell
ADJ	tagiži	tage+že	hell
ADJ	tāgiži	tage+že	hell
ADJ	tāgōri	tāg+ō+re	beleuchtet (?)
ADJ	talamdi	talam+di	groß
ADJ	talāvaže	talāv+a+že	groß
ADJ	talāvože	talāv+o+že	groß
ADJ	talavoži	talāv+o+že	groß
ADJ	talāvuži	talāv+o+že	groß
ADJ	talmōġ	talm+oḫḫe	groß
ADJ	tedevaduḫḫ	tid+i+vad+o+ḫḫe	unzählig?
ADJ	tei	tei	viel
ADJ	tidivāduḫḫ	tid+i+vad+o+ḫḫe	unzählig?
ADJ	timeri	timeri	dunkel
ADJ	tōruḫḫ	tor+o+ḫḫe	männlich
ADJ	tugrižōġ	tugriž+ō+ġe	von Tugriz
ADJ	turuḫḫi	tor+o+ḫḫe	männlich
ADJ	turuḫḫi	tur+o+ḫḫe	männlich
ADJ	ubi	ove	töricht
ADJ	ubī	ove	töricht
ADJ	uwe	ove	töricht
ADV	abina	avi+n	vorne
ADV	abin	avi+n	vorne
ADV	adi	adi	so
ADV	āmmī	āmmī	zuvor
ADV	anam	anam	so
ADV	anammi	anammi	so
ADV	ānnu	ānnu	u.B.
ADV	ardoġe	ard+o+ġe	städtisch?
ADV	ašḫō	ašḫo	oben
ADV	āšḫō	ašḫo	oben
ADV	ašḫu	ašḫo	oben
ADV	āšḫu	ašḫo	oben
ADV	ašḫuwe	āšḫo+e	hinauf
ADV	āšḫuwe	āšḫo+e	hinauf
ADV	āšḫuwi	āšḫo+e	hinauf
ADV	avin	avi+n	vorne
ADV	avīn	avi+n	vorne
ADV	enummē	enummē	wie
ADV	fandin	fandi+n	rechts
ADV	ḫāruwi	ḫāru+i	u.B.
ADV	ḫennē	ḫenni	jetzt
ADV	ḫenni	ḫenni	jetzt
ADV	ḫini	ḫenni	jetzt
ADV	ḫinnē	ḫenni	jetzt
ADV	ḫinni	ḫenni	jetzt
ADV	īa	īa	warum
ADV	īā	īa	warum
ADV	īnna	īnna	so
ADV	šāvōe	šāvō+e	u.B.
ADV	šini	šini	weiterhin; wieder; ferner
ADV	šīni	šini	weiterhin; wieder; ferner
ADV	šinzuḫḫ	šin+z+o+ḫḫe	zum anderen
ADV	šukki	šokki	zum einen
ADV	šummin	šummi+n	gänzlich
ADV	šummi	šummi+n	gänzlich
ADV	tānu	tānu	machbar?
ADV	tarbu	tarbu	u.B.
ADV	tēa	tēa	sehr
ADV	tē	tēi	sehr
ADV	teunāe	te+o+n+āe	viel
ADV	tōri	tūri	unten; hinab
ADV	tūria	tūri	unten; hinab
ADV	tūrīe	tūrī+e	hinab
ADV	tūri	tūri	unten; hinab
ADV	tūrī	tūri	unten; hinab
ADV	ukku	ukku	u.B.
ADV	ZAG-en	fandi+n	rechts
CONJ	ai	ai	falls; wenn
CONJ	aī	ai	falls; wenn
CONJ	āi	ai	falls; wenn
CONJ	alāži	alāže	ob; entweder
CONJ	ānnu	ānnu	u.B.
CONJ	e	ai	falls; wenn
CONJ	E	ai	falls; wenn
CONJ	E-e	ai	falls; wenn
CONJ	īa	īa	REL
CONJ	inu	inu	wie
CONJ	KÚR-ni(-)e	ai	falls; wenn
CONJ	mā	mā	folgendermaßen
CONJ	m	mā	folgendermaßen
CONJ	ōndu	ondu	nun
CONJ	ōnnu	onnu	nun
CONJ	undū	ondu	nun
CONJ	unnu	onnu	nun
INTJ	aō	aō	Siehe!
INTJ	au	aō	Siehe!
INTJ	āu	aō	Siehe!
INTJ	ḫuwe	ḫuwe	u.B.
INTJ	ue	ue	nein
noun	10-p	Teššob	DN
noun	10-šub	Teššob	DN
noun	10-	Teššob	DN
noun	10-ub	Teššob	DN
noun	2-ḫ	šin+am+ġe	zweifach
noun	30-ḫ	Kužuġ	DN
noun	30	Kužuġ	DN
noun	30-uġ	Kužuġ	DN
noun	A-A-a	Aia	Ea (DN)
noun	A-A	Aia	Ea (DN)
noun	A-A-	Aia	Ea (DN)
noun	abalġ	abal+ġe	u.B.
noun	abalġe	abal+ġe	u.B.
noun	abalġi	abal+ġe	u.B.
noun	abāri	abāri	Blei?
noun	abari	ab+ar+i	u.B.
noun	*ab	avi	Gesicht
noun	ab	avi	Gesicht
noun	āb	avi	Gesicht
noun	ābē	ābē	Opfergrube?
noun	ābi	ābi	Opfergrube
noun	abi	abi	u.B.
noun	abi	avi	Gesicht
noun	ābi	avi	Gesicht
noun	abiġari	ab+iġ+ar+i	ein Oberflächenmaß
noun	abr	abri	u.B.
noun	abri	abri	u.B.
noun	ābri	abri	u.B.
noun	abundi	abundi	Feld
noun	āda	atta	Vater?
noun	ad	ade	u.B.
noun	adal	adāl	stark; der Starke
noun	adāl	adāl	stark; der Starke
noun	adamġi	ad+am+ġe	u.B.
noun	adāni	ad+ā+ni	Schemel
noun	adašše	ad+a+šše	(Umwallung der) Unterstadt
noun	adašši	ad+a+šše	(Umwallung der) Unterstadt
noun	adaštaž	ad+ašt+a+že	u.B.
noun	ade	ade	u.B.
noun	adē	ade	u.B.
noun	adi	ade	u.B.
noun	adīrġ	adīr+ġe	Gegner
noun	admi	ad+mi	Schemel
noun	aēšš	aēšši	u.B.
noun	aga	aga	(Land) diesseits
noun	agā	aga	(Land) diesseits
noun	ag	agi	u.B.
noun	aġarri	aġarri	Weihrauch
noun	agašši	ag+a+šše	u.B.
noun	agi	agi	u.B.
noun	āġmižari	āġmižari	u.B.
noun	āġr	aġri	Weihrauch
noun	aġri	aġri	Weihrauch
noun	āġri	aġri	Weihrauch
noun	aġrinni	aġr+i+nni	u.B.
noun	aġrošḫe	aġr+o+šḫe	Räucherschale
noun	aġui	aġui	u.B.
noun	aguli	aguli	u.B.
noun	aġuri	aġuri	u.B.
noun	agūrn	ag+ūr+ni	Verzierung
noun	aḪARr	aġri	Weihrauch
noun	aia	Aia	Ea (DN)
noun	aianguri	aianguri	u.B.
noun	aigaldu	Aigaldu	DN
noun	aiu	Aiu	DN
noun	akkade	akk+ade	u.B.
noun	alāl	alāli	ein Gewand
noun	alalu	Alalu	DN
noun	alami	alami	u.B.
noun	alāži	al+ā+že	u.B.
noun	aldāi	aldā+i	u.B.
noun	ald	aldi	u.B.
noun	aldi	aldi	u.B.
noun	alġi	alġi	u.B.
noun	ālġi	alġi	u.B.
noun	alipši	al+ipš+i	Ziegel
noun	alipt	al+i+pte	u.B.
noun	allai	ālla+i	Herrin
noun	allāi	ālla+i	Herrin
noun	allani	Āllāni	DN
noun	āllani	Āllāni	DN
noun	āllāni	Āllāni	DN
noun	allāni	alla+ni	Herrin
noun	allanzō	Allanzō	DN
noun	allīġ	all+ī+ġe	u.B.
noun	allumād	allum+āde	u.B.
noun	allumi	allumi	u.B.
noun	alobade	al+o+bade	u.B.
noun	alōri	al+o+re	u.B.
noun	ālōri	al+o+re	u.B.
noun	alubasḫi	al+u+b+a+sḫi	u.B.
noun	alulbi	alulbi	u.B.
noun	alumbasḫi	al+u+mb+a+sḫe	u.B.
noun	aluri	al+o+re	u.B.
noun	alūri	al+o+re	u.B.
noun	ālv	ālvi	u.B.
noun	alzialli	ālžīālli	Widersprecher?
noun	ālžialli	ālžīālli	Widersprecher?
noun	amanni	am+a+nni	u.B.
noun	amānum	am+ān+umi	u.B.
noun	amarikkuwa	Amarikkuwa	GN
noun	āmb	āmbi	u.B.
noun	ambaž	amb+a+že	Brandopfer
noun	āmi	āmi	u.B.
noun	amīri	amīri	u.B.
noun	amissadu	Amissadu	DN
noun	āmmanni	āmm+a+nni	u.B.
noun	ammummi	amm+u+mmi	Administrator
noun	ammurami	ammurami	u.B.
noun	ammužikkunne	amm+ož+ikk+o+nni	u.B.
noun	amomi	am+o+mi	Botschaft
noun	amum	am+o+mi	Botschaft
noun	amūmi	amm+u+mmi	Administrator
noun	amuri	amuri	u.B.
noun	anagi	anagi	u.B.
noun	ananariški	an+an+ar+i+ški	Freude?
noun	ananešḫe	an+an+e+šḫe	Freude?; Erfreuliches?
noun	ān	Ani	DN
noun	ani	Ani	DN
noun	ani	ani	u.B.
noun	āni	Āni	u.B.
noun	anni	anni	u.B.
noun	annivi	annivi	u.B.
noun	ANŠE.KUR.RA-	išši	u.B.
noun	ānžal	ānž+ali	u.B.
noun	anzangi	anz+angi	u.B.
noun	anz	anzi	u.B.
noun	ānz	anzi	u.B.
noun	anzi	anzi	u.B.
noun	anzī	anzi	u.B.
noun	ānzi	anzi	u.B.
noun	anziġ	anz+i+ġe	u.B.
noun	appide	appide	u.B.
noun	appubi	appubi	u.B.
noun	appubi	tuppubi	u.B.
noun	appubi	umbubi	u.B.
noun	apše	apše	Schlange
noun	āpši	apše	Schlange
noun	apsižnā	Apsižnā	GN
noun	apsu	Apsu	GN
noun	āpsukki	āpsukki	u.B.
noun	arāgi	arāgi	u.B.
noun	aranziġō	Aranziġō	GN
noun	ārari	ārari	das Böse
noun	arbari	arb+ar+i	u.B.
noun	ard	arde	Stadt
noun	ārd	arde	Stadt
noun	arde	arde	Stadt
noun	ardē	arde	Stadt
noun	ardeġe	arde+ġe	Stadtangehöriger
noun	ārdi	arde	Stadt
noun	ardūri	ardūri	u.B.
noun	arešš	ar+e+šše	u.B.
noun	ari	āri	das Böse
noun	āri	āri	das Böse
noun	ari	ari	u.B.
noun	āri	ari	u.B.
noun	aribibla	Arib.Ebla	PN
noun	arili	arili	u.B.
noun	arire	ar+i+re	Geber
noun	arīvi	arīvi	u.B.
noun	armi	armi	u.B.
noun	armimmi	arm+i+mmi	u.B.
noun	arn	arni	Sünde
noun	ārn	ārni	u.B.
noun	arni	arni	Sünde
noun	ārni	arni	Sünde
noun	aruli	aruli	u.B.
noun	aruwallāe	aruwallāe	u.B.
noun	āšḫ	āšḫi	Fell, Haut
noun	āšḫ	āšḫi	u.B.
noun	ašḫaštaġe	ašḫ+ašt+a+ḫḫe	u.B.
noun	ašḫaštaġe	ašḫ+ašt+aʾe	u.B.
noun	āšḫi	āšḫi	u.B.
noun	āšḫitḫe	āšḫ+i+tḫe	u.B.
noun	ašḫo	ašḫo	Oberseite
noun	ašḫō	ašḫo	Oberseite
noun	āšḫōmai	āšḫ+ō+m+ai	opfernd
noun	āšḫōmaini	āšḫ+ō+m+ai+ni	opfernd
noun	āšḫožikkonni	āšḫ+ož+i+kk+o+nni	Ritualherr(in)
noun	ašḫu	ašḫo	Oberseite
noun	ašḫužekkunni	āšḫ+ož+i+kk+o+nni	Ritualherr(in)
noun	ašḫužikkunni	āšḫ+ož+i+kk+o+nni	Ritualherr(in)
noun	āšḫužikkunni	āšḫ+ož+i+kk+o+nni	Ritualherr(in)
noun	āššani	āššani	u.B.
noun	āssarōḫḫ	āss+ar+ō+ḫḫe	u.B.
noun	āšš	āšši	u.B.
noun	āssīri	assīri	Gefangener
noun	āššōri	āššōri	u.B.
noun	assusḫ	assusḫi	u.B.
noun	assusḫi	assusḫi	u.B.
noun	aštaga	aštaga	Frau
noun	āštašḫe	āšt+a+šḫe	weiblicher Attribute
noun	āšt	āšte	(Ehe)frau
noun	ašte	āšte	(Ehe)frau
noun	aštē	āšte	(Ehe)frau
noun	āšte	āšte	(Ehe)frau
noun	āšti	āšte	(Ehe)frau
noun	atḫalve	atḫalve	u.B.
noun	atta	atta+i	Vater
noun	attai	atta+i	Vater
noun	attāi	atta+i	Vater
noun	attāne	atta+ni	Vater
noun	attāni	atta+ni	Vater
noun	āttani	atta+ni	Vater
noun	attubade	att+o+bade	u.B.
noun	auli	aoli	u.B.
noun	avalġ	av+al+ġe	u.B.
noun	avālġi	av+al+ġe	u.B.
noun	avali	av+al+i	Feld
noun	avari	avari	Feld
noun	av	avi	Gesicht
noun	av	avi	u.B.
noun	ave	ave	u.B.
noun	avi	avi	Gesicht
noun	āvi	avi	Gesicht
noun	awf	auwi	u.B.
noun	awtaluma	Audalumma	PN
noun	awtalumma	Audalumma	PN
noun	awtuwi	Audūi	PN
noun	azald	az+al+di	u.B.
noun	azali	azali	u.B.
noun	azallae	azallae	u.B.
noun	azalli	azalli	u.B.
noun	ažamri	ažamri	u.B.
noun	ažarbašši	až+arb+a+šše	u.B.
noun	až	aži	u.B.
noun	āže	āže	Fett
noun	ažiġi	až+i+ġe	u.B.
noun	aziri	assīri	Gefangener
noun	azīri	assīri	Gefangener
noun	aziri	aziri	u.B.
noun	ažiuli	ažiuli	u.B.
noun	ažmunigalō	Ažmo.Nigalō	PN
noun	ažne	ažne	Gallenblase
noun	ažōġ	ažōġi	u.B.
noun	ažoġi	až+oġi	Essen
noun	ažōġi	ažōġi	u.B.
noun	āžri	āžri	u.B.
noun	ažugali	ažugali	u.B.
noun	ažugallē	ažugallē	u.B.
noun	azusḫ	azusḫi	u.B.
noun	azusḫi	azusḫi	u.B.
noun	BADniri	BAD.niri	u.B.
noun	BADtōral	pattōrali	u.B.
noun	BADtōral	pedōrali	u.B.
noun	BADtōral	pittōrali	u.B.
noun	DINGIR-	eni	Gottheit
noun	É-A-a	Ea	DN
noun	ea	Ea	DN
noun	É-A	Ea	DN
noun	É-A-	Ea	DN
noun	É-A-ia	Aia	Ea (DN)
noun	ēāre	ēyari	Löwe
noun	ēarži	ēyar+že	Löwenhaftigkeit
noun	eažarri	Ea.šarri	DN
noun	ebāni	ebāni	u.B.
noun	eb	ebi	u.B.
noun	ebirn	ever+ni	König
noun	ebirni	ever+ni	König
noun	ēbla	Ēbla	GN
noun	ēbl	Ēbla	GN
noun	ebre	evri	Herr
noun	ēbre	evri	Herr
noun	ēbrešši	evr+in+že	Herrschaft
noun	ebr	evri	Herr
noun	ēbr	evri	Herr
noun	ebri	evri	Herr
noun	ēbri	evri	Herr
noun	ēbrin	ever+ni	König
noun	ed	idi	Körper; Bezug
noun	ed	idi	u.B.
noun	ēdni	id+ni	Körper
noun	E-e	E	Deich; Kanal
noun	É.EN.NU.UN-ašše	É.EN.NU.UN+a+šše	Gefängnis
noun	eġari	eġari	u.B.
noun	eg	egi	u.B.
noun	egenni	ege+nni	Inneres, innere
noun	egi	egi	Inneres; Mitte; innere
noun	egi	egi	u.B.
noun	eġi	eġi	u.B.
noun	eġliana	eġli+ana	Retter?
noun	ēġliana	eġli+ana	Retter?
noun	eġli	eġli	Rettung
noun	eġliġi	eġl+i+ġe	u.B.
noun	egošše	eg+o+šše	Reinheit, rein
noun	egudutki	eg+ud+ut+ki	Unreinheit; Verunreinigung
noun	egušš	eg+o+šše	Reinheit, rein
noun	egušši	eg+o+šše	Reinheit, rein
noun	egužri	egužri	u.B.
noun	ēḫḫ	ēḫḫi	u.B.
noun	ēḫḫi	ēḫḫi	u.B.
noun	ēkki	egi	Inneres; Mitte; innere
noun	ēkki	ēkke	u.B.
noun	elab	elabi	u.B.
noun	ela	ela	Schwester
noun	elami	Elami	GN
noun	elamirġe	elm+ir+ġe	Eidgemäßer(?)
noun	ele	ele	u.B.
noun	el	eli	Fest
noun	ēlg	ēlgi	Applikation
noun	ēlgi	ēlgi	Applikation
noun	eli	eli	Fest
noun	É-li	šelli	Haus
noun	elišk	eliški	u.B.
noun	ellaž	ell+a+že	u.B.
noun	elmēġi	elm+ē+ġe	u.B.
noun	elmi	elmi	Eid; Schwur
noun	ēlmi	elmi	Eid; Schwur
noun	ēlmirġi	elm+ir+ġe	Eidgemäßer(?)
noun	elōrul	elōruli	u.B.
noun	enaraž	en+ar+a+že	u.B.
noun	enarāž	en+ar+a+že	u.B.
noun	enarġ	en+ar+ġe	u.B.
noun	ene	eni	Gottheit
noun	en	eni	Gottheit
noun	ēn	eni	Gottheit
noun	ēnġ	ēnġi	u.B.
noun	eni	eni	Gottheit
noun	enigaldi	ennigaldi	u.B.
noun	enitḫari	en+i+tḫ+ar+i	u.B.
noun	enn	enni	u.B.
noun	enni	enni	u.B.
noun	ēnnigaldi	ennigaldi	u.B.
noun	EN-ri	evri	Herr
noun	enudōbi	en+ud+ōbi	u.B.
noun	enudōbi	enudōbi	u.B.
noun	enzari	en+zari	Götterschaft
noun	ēnzāri	en+zari	Götterschaft
noun	ēpḫe	ēpḫe	Ofen
noun	ēppiri	ēpp+i+re	u.B.
noun	erade	erade	Vogel
noun	erad	erade	Vogel
noun	erādi	erade	Vogel
noun	erāna	er+āna	Abgabe
noun	erān	er+āni	Abgabe
noun	ērbi	ervi	Hund
noun	ērbiri	ērbiri	u.B.
noun	ērġi	erġi	u.B.
noun	ÉRIN-an	ummani	Truppe
noun	ÉRIN-ni	ummani	Truppe
noun	erižang	erižangi	u.B.
noun	ērni	ērni	u.B.
noun	ervi	ervi	Hund
noun	ēšḫi	ēšḫi	u.B.
noun	eškari	ešk+ar+i	u.B.
noun	eškāve	eškāve	u.B.
noun	eššae	eššae	u.B.
noun	evani	evani	u.B.
noun	evari	evari	u.B.
noun	evarži	ev+ar+že	u.B.
noun	evernakka	ever+n+akka	König
noun	everne	ever+ni	König
noun	everni	ever+ni	König
noun	evri	evri	Herr
noun	evrinže	evr+in+že	Herrschaft
noun	ēyari	ēyari	Löwe
noun	ežebābu	Ežeb.Ābu	PN
noun	eže	eže	Erde
noun	eževabu	Ežeb.Ābu	PN
noun	ež	eže	Erde
noun	ežež	ežeži	u.B.
noun	ežuġne	ižuġ+ni	Silber
noun	ežuġni	ižuġ+ni	Silber
noun	fadeġi	fadeġi	u.B.
noun	faeli	faeli	u.B.
noun	fāġadi	fāġadi	u.B.
noun	fāġie	pāġi	Kopf
noun	fāġi	pāġi	Kopf
noun	fāġ	pāġi	Kopf
noun	faġr	faġri	gut; Gutes
noun	fāġr	faġri	gut; Gutes
noun	faġri	faġri	gut; Gutes
noun	fāġri	faġri	gut; Gutes
noun	fandani	fand+a+ni	recht, rechte Seite
noun	fandarini	fand+ar+i+nni	Koch
noun	fandi	fandi	recht, rechte Seite
noun	fār	fāri	u.B.
noun	fārie	fārē	u.B.
noun	fāri	fāri	u.B.
noun	farini	uw+ar+i+nni	Bäcker
noun	faššar	fašš+ar+i	u.B.
noun	fašši	fašši	u.B.
noun	fa⸣suranni	faz+ur+a+nni	Orator
noun	fāžan	fāžani	Monat
noun	fāžani	fāžani	Monat
noun	fāzanigar	Fāzanigar	PN
noun	fāže	fāži	Mund
noun	faž	fāži	Mund
noun	fāž	fāži	Mund
noun	fāž	fāži	u.B.
noun	fāži	fāži	Mund
noun	fažūli	faž+ūli	u.B.
noun	fēḫḫ	fēḫḫi	u.B.
noun	fēnān	fēn+ā+ni	u.B.
noun	fend	fendi	u.B.
noun	firiški	fir+iški	u.B.
noun	fitf	fitfi	u.B.
noun	fižaišfi	Fižaišfi	u.B.
noun	fodiġi	fod+i+ġe	u.B.
noun	fogād	fog+ādi	u.B.
noun	fogugari	fog+ugar+i	Finger?
noun	fonduroni	fondur+o+ni	u.B.
noun	fondurun	fondur+o+ni	u.B.
noun	fondurunne	fondur+o+nni	u.B.
noun	fonuġun	fonuġ+o+ni	Stärke?
noun	fonuġunn	fonuġ+o+nni	Stärke?
noun	forali	for+ali	u.B.
noun	fōrālīn	fōr+all+i+nni	Opferschauer
noun	fōrālīni	fōr+all+i+nni	Opferschauer
noun	fōrālīz	fōr+all+i+n+ze	u.B.
noun	fōrālīzie	fōr+all+i+n+ze	u.B.
noun	fōrālīzi	fōr+all+i+n+ze	u.B.
noun	fōrallinni	fōr+all+i+nni	Opferschauer
noun	forāna	for+āna	Vorzeichen
noun	forān	for+āna	Vorzeichen
noun	fōr	fōri	Blick
noun	fori	fōri	Blick
noun	fōri	fōri	Blick
noun	fōroli	fōroli	Tempel
noun	fōrolžari	fōrol+žari	u.B.
noun	fōrunziġi	fōrunz+i+ġe	u.B.
noun	foruššueni	foruššueni	u.B.
noun	foruššueni	foruššue+nni	u.B.
noun	foruššuēnni	foruššue+nni	u.B.
noun	foružueni	foruššue+nni	u.B.
noun	fovi	fovi	u.B.
noun	fudarin	fud+ar+i+nni	Abwäscher
noun	fudolimašše	fud+ol+i+m+a+šše	u.B.
noun	fudolini	fud+ol+i+ni	u.B.
noun	fudōž	fud+ō+že	u.B.
noun	fūnuġōnži	fōnuġōn+že	Stärke?
noun	futk	fut+ki	Sohn
noun	futki	fut+ki	Sohn
noun	GAŠAN-ka	Šavoška	DN
noun	GAŠAN-k	Šavoška	DN
noun	GEŠTU-i	noi	Ohr
noun	GEŠTU-	noi	Ohr
noun	GE-te	GE6.te	Nacht
noun	GE-te	mide	u.B.
noun	GIG-ḫuli	GIG+o+ġ+o+li	Kranker
noun	GÙB-e	šapḫaldi	linke Seite; links
noun	GÙB-te	šapḫaldi	linke Seite; links
noun	GÙB-ti	šapḫaldi	linke Seite; links
noun	GÚ	GÚ	Hals
noun	GU-ri	ped+ar+i	Rind
noun	GU.ZA-ḫe	kešḫi	Thron
noun	ḫabaḫḫōbad	ḫab+aḫḫ+ō+bade	u.B.
noun	ḫabalgi	ḫabalgi	Eisen?
noun	ḫabōrni	ḫavor+ni	Himmel
noun	ḫābože	ḫāb+o+že	u.B.
noun	ḫaburn	ḫavor+ni	Himmel
noun	ḫaburni	ḫavor+ni	Himmel
noun	ḫademi	ḫademi	u.B.
noun	ḫāġi	ḫāġi	u.B.
noun	ḫāḫḫi	ḫāḫḫi	u.B.
noun	ḫāigali	ḫāigali	Palast
noun	ḫaiġi	ḫa+i+ġe	u.B.
noun	ḫāiži	ḫā+i+že	u.B.
noun	ḫalandi	ḫalandi	u.B
noun	ḫalba	Ḫalba	GN
noun	ḫalb	Ḫalba	GN
noun	ḫalikkuli	ḫalikkuli	u.B.
noun	ḫalmi	ḫal+mi	Sänger
noun	ḫālōli	ḫālōli	Weintrauben
noun	ḫalze	ḫalze	Distrikt
noun	ḫalzi	ḫalze	Distrikt
noun	ḫalzōġl	ḫalz+ō+ġ+li	Distriktverwalter
noun	ḫamari	ḫam+ar+i	u.B.
noun	ḫamaziaž	ḫamaz+i+a+šše	Unterdrücker
noun	ḫamaziaži	ḫamaz+i+a+šše	Unterdrücker
noun	ḫamri	ḫamri	ein Heiligtum
noun	ḫān	ḫāni	Kind; Säugling
noun	ḫāni	ḫāni	Kind; Säugling
noun	ḫani	ḫani	u.B.
noun	ḫanire	ḫan+i+re	Geborene
noun	ḫaniri	ḫan+i+re	Geborene
noun	ḫanni	ḫanni	u.B.
noun	ḫanubasḫi	ḫān+u+b+a+sḫe	Fruchtbarkeit
noun	ḫānubasḫi	ḫān+u+b+a+sḫe	Fruchtbarkeit
noun	ḫanumbasḫ	ḫan+u+mb+a+sḫe	Fruchtbarkeit
noun	ḫanumbasḫi	ḫan+u+mb+a+sḫe	Fruchtbarkeit
noun	ḫapsōr	ḫapsōri	Speichel
noun	ḫapsōri	ḫapsōri	Speichel
noun	ḫapsuri	ḫapsōri	Speichel
noun	ḫāraġe	ḫār+a+ġe	u.B.
noun	ḫārē	ḫārē	u.B.
noun	ḪARf	Ḫurvi	DN
noun	ḫarġarai	Ḫarġarai	DN
noun	ḫarġaraima	Ḫarġaraima	DN
noun	ḫar	ḫāri	Weg
noun	ḫār	ḫāri	Weg
noun	ḪAR	ḪAR	u.B.
noun	ḫāri	ḫāri	u.B.
noun	ḫāri	ḫāri	Weg
noun	ḪARni	ḫurni	u.B.
noun	ḪARni	murni	u.B.
noun	ḪARp	ḫarbi	u.B.
noun	ḪARp	ḫurbi	u.B.
noun	ḪARp	murbi	u.B.
noun	ḪARr	ḫarri	u.B.
noun	ḪARr	ḫurri	u.B.
noun	ḪARr	murri	u.B.
noun	ḫāruwi	ḫāruwi	u.B.
noun	ḫaššiadi	ḫaššiadi	Bogen?
noun	ḫaššiadi	ḫaššiadi	u.B.
noun	ḫassi	Ḫassī	GN
noun	ḫāšši	ḫašši	u.B.
noun	ḫassiz	ḫassizi	Verstand
noun	ḫassizi	ḫassizi	Verstand
noun	ḫaštali	ḫašt+al+i	u.B.
noun	ḫaštalli	ḫaštalli	u.B.
noun	ḫavāḫḫōbad	ḫav+āḫḫ+ō+bade	u.B.
noun	ḫavāri	ḫav+ār+i	u.B.
noun	ḫavērni	ḫavēr+ni	Lamm
noun	ḫavirni	ḫavēr+ni	Lamm
noun	ḫavorni	ḫavor+ni	Himmel
noun	ḫavōrni	ḫavor+ni	Himmel
noun	ḫavorun	ḫavor+ni	Himmel
noun	ḫavōrun	ḫavor+ni	Himmel
noun	ḫāvorun	ḫavor+ni	Himmel
noun	ḫāvōži	ḫāv+ō+že	u.B.
noun	ḫawsuġ	ḫauz+o+ġe	u.B.
noun	ḫažar	ḫāž+ar+i	Öl
noun	ḫāžar	ḫāž+ar+i	Öl
noun	ḫažari	ḫāž+ar+i	Öl
noun	ḫažāri	ḫāž+ar+i	Öl
noun	ḫāžari	ḫāž+ar+i	Öl
noun	ḫāžāri	ḫāž+ar+i	Öl
noun	ḫažarre	ḫāž+arri	Öl
noun	ḫažarr	ḫāž+arri	Öl
noun	ḫāžarri	ḫāž+arri	Öl
noun	ḫāžaže	ḫāž+a+že	u.B.
noun	ḫāžažimmi	ḫāž+až+i+mmi	u.B.
noun	ḫāžer	ḫāžeri	Dolch
noun	ḫāžēr	ḫāžeri	Dolch
noun	ḫaž	ḫāži	u.B.
noun	ḫāž	ḫāži	u.B.
noun	ḫazian	ḫaziani	Bürgermeister
noun	ḫažimari	Ḫažimari	GN
noun	ḫāžimmie	ḫāži+mmē	u.B.
noun	ḫāžimmi	ḫāži+mmi	u.B.
noun	ḫāziz	ḫassizi	Verstand
noun	ḫebad	Ḫebad	DN
noun	ḫēbādu	Ḫēbādu	DN
noun	ḫēġōži	ḫēġ+ō+že	u.B.
noun	ḫē	ḫē	u.B.
noun	ḫeiaruḫḫi	ḫi+ar+o+ḫḫe	Gold; Goldenes; golden
noun	ḫeldār	ḫild+ār+i	u.B.
noun	ḫelde	ḫelde	u.B.
noun	ḫeld	ḫilde	u.B.
noun	ḫellaḫḫōri	ḫell+aḫḫ+ō+re	u.B.
noun	ḫelōv	ḫelōvi	Ruhm
noun	ḫēlōv	ḫelōvi	Ruhm
noun	ḫenz	ḫenzi	Schuld?
noun	ḫerāġi	ḫeraġi	Oberarm
noun	ḫerāri	ḫer+ār+i	Oberarm?
noun	ḫērāri	ḫer+ār+i	Oberarm?
noun	ḫer	ḫeri	u.B.
noun	ḫeri	ḫeri	u.B.
noun	ḫēri	ḫeri	u.B.
noun	ḫežāl	ḫežāli	nackt, Nackter
noun	ḫiar	ḫi+ar+i	Gold
noun	ḫiari	ḫiari	u.B.
noun	ḫiaroḫḫe	ḫi+ar+o+ḫḫe	Gold; Goldenes; golden
noun	ḫiaruḫḫ	ḫi+ar+o+ḫḫe	Gold; Goldenes; golden
noun	ḫiaruḫḫi	ḫi+ar+o+ḫḫe	Gold; Goldenes; golden
noun	ḫibarni	ḫibar+ni	u.B.
noun	ḫib	ḫib	u.B.
noun	ḫīdam	Ḫīdam	DN
noun	ḫide	ḫide	u.B.
noun	ḫīdūri	ḫīdūri	u.B.
noun	ḫilde	ḫilde	u.B.
noun	ḫīlēšt	ḫīlēšti	u.B.
noun	ḫīl	ḫili	u.B.
noun	ḫiliġe	ḫil+i+ġe	u.B.
noun	ḫillame	ḫillame	u.B.
noun	ḫinz	ḫenzi	Schuld?
noun	ḫinz	ḫinz	u.B.
noun	ḫinzōri	ḫinzori	Apfel
noun	ḫinzuri	ḫinzori	Apfel
noun	ḫiraġe	ḫiraġe	u.B.
noun	ḫīr	ḫīri	Zeit
noun	ḫirīdi	ḫir+īdi	Graben?
noun	ḫiri	ḫiri	u.B.
noun	ḫirin	ḫiri+ni	u.B.
noun	ḫirini	ḫiri+ni	u.B.
noun	ḫivollād	ḫiv+oll+āde	u.B.
noun	ḫižardoġoli	ḫiž+ar+d+o+ġ+o+li	u.B.
noun	ḫīžāri	ḫīž+ār+i	u.B.
noun	ḫižme	ḫižmi	Glanz, glänzend
noun	ḫižm	ḫižmi	Glanz, glänzend
noun	ḫižmi	ḫižmi	Glanz, glänzend
noun	ḫōbēdi	ḫōb+idi	Stierkalb
noun	ḫōbidi	ḫōb+idi	Stierkalb
noun	ḫōbidōd	ḫōbidōdi	u.B.
noun	ḫōbi	ḫōbi	u.B.
noun	ḫōbr	ḫōbri	u.B.
noun	ḫōbri	ḫōbri	u.B.
noun	ḫōdan	ḫōd+a+nni	Gebet
noun	ḫōdannaraže	ḫōd+a+nn+ar+a+že	u.B.
noun	ḫōdannaraž	ḫōd+a+nn+ar+a+že	u.B.
noun	ḫōdann	ḫōd+a+nni	Gebet
noun	ḫōdanni	ḫōd+a+nni	Gebet
noun	ḫōde	Ḫōde	DN
noun	ḫōde	ḫōde	u.B.
noun	ḫōdellori	Ḫōdellori	DN
noun	ḫōderna(-)aš(-)tōġul	tōġuli	u.B.
noun	ḫōderna	ḫōder+na	u.B.
noun	ḫōderni	ḫōder+ni	u.B.
noun	ḫōdr	ḫōdri	u.B.
noun	ḫōe	ḫowe	u.B.
noun	ḫōen	ḫowe+ni	u.B.
noun	ḫōeni(-)eva(-)nippi	ḫowe+ni	u.B.
noun	ḫōeni(-)eva(-)nippi	nippi	u.B.
noun	ḫōiġe	ḫō+i+ġe	Ruf?; das Rufen?
noun	ḫōiġ	ḫō+i+ġe	Ruf?; das Rufen?
noun	ḫoišše	ḫo+i+šše	Ruf; Aufruf
noun	ḫōītḫ	ḫō+ī+tḫe	u.B.
noun	ḫōlāmmi	ḫōlā+mmi	u.B.
noun	ḫōlelz	ḫōlel+zi	u.B.
noun	ḫōlelzi	ḫōlel+zi	u.B.
noun	ḫōll	ḫōlli	u.B.
noun	ḫōmari	ḫōmari	Lapislazuli
noun	ḫōmari	ḫōmari	u.B.
noun	ḫōmbārži	ḫomb+ar+ži	u.B.
noun	ḫōmni	ḫōmni	Asche; Staub
noun	ḫōni	ḫōuni	u.B.
noun	ḫōnži	ḫōnži	u.B.
noun	ḫōpši	ḫōpši	u.B.
noun	ḫōpte	ḫōpte	u.B.
noun	ḫōra	ḫōra	Schoß
noun	ḫōrāmi	ḫōrāmi	u.B.
noun	ḫōrdi	ḫōrdi	Fenster?
noun	ḫōr	ḫōri	Schoß
noun	ḫōri	ḫōri	Schoß
noun	ḫōri	ḫōri	u.B.
noun	ḫōruppi	ḫūruffe	Rhyton
noun	ḫōruwād	ḫōr+o+vāde	u.B.
noun	ḫōrvāde	ḫōrv+āde	u.B.
noun	ḫōrvi	ḫōrvi	u.B.
noun	ḫōšši	ḫōšši	u.B.
noun	ḫōšti	ḫōšti	ein Stein
noun	ḫōšti	ḫōšti	u.B.
noun	ḫowe	ḫowe	u.B.
noun	ḫoweni	ḫowe+ni	u.B.
noun	ḫōžuni	ḫōžuni	u.B.
noun	ḫōžuri	ḫōžuri	u.B.
noun	ḫubn	ḫubni	u.B.
noun	ḫuburi	ḫuburi	u.B.
noun	ḫuen	ḫowe+ni	u.B.
noun	ḫueni	ḫowe+ni	u.B.
noun	ḫuišš	ḫo+i+šše	Ruf; Aufruf
noun	ḫullore	ḫull+o+re	u.B.
noun	ḫullurē	ḫull+o+re	u.B.
noun	ḫupši	ḫupši	u.B.
noun	ḫur	ḫōri	Schoß
noun	ḫurošše	ḫur+o+šše	u.B.
noun	ḪUR.SAG-an	paba+ni	Berg
noun	ḪUR.SAG-	paba+ni	Berg
noun	ḫūruffe	ḫūruffe	Rhyton
noun	ḫušte	ḫušte	u.B.
noun	ḫutḫ	ḫutḫi	Preisung
noun	ḫutḫi	ḫutḫi	Preisung
noun	ḫuwavai	Ḫuwava+i	DN
noun	ḫuwe	ḫowe	u.B.
noun	ḫuwi(-)kaudi	ḫūigaudi	u.B.
noun	ḫuwi(-)kaudi	kaudi	u.B.
noun	ḫūž	ḫūži	u.B.
noun	ib	ibi	u.B.
noun	ibi	ibi	u.B.
noun	ibirn	ever+ni	König
noun	ibradnan	ibr+ad+n+a+ni	u.B.
noun	ibradnann	ibr+ad+n+a+nni	u.B.
noun	ibradn	ibr+ad+ni	u.B.
noun	ibre	evri	Herr
noun	ibri	evri	Herr
noun	ibrinz	evren+ze	u.B.
noun	ide	idi	Körper; Bezug
noun	idenna	idenna	Baumeister
noun	idenni	idenni	Baumeister
noun	ÍD-ia	šiye	Wasser; Fluss
noun	id	idi	Körper; Bezug
noun	idi	idi	Körper; Bezug
noun	ÍD-i	šiye	Wasser; Fluss
noun	idn	id+ni	Körper
noun	idni	id+ni	Körper
noun	ÍD-	šiye	Wasser; Fluss
noun	ieni	ieni	u.B.
noun	iġar	iġari	u.B.
noun	iġari	iġari	u.B.
noun	ig	egi	Inneres; Mitte; innere
noun	igi	egi	Inneres; Mitte; innere
noun	igi	igi	u.B.
noun	igingališ	Igingališ	GN
noun	IGI-	šī	Auge
noun	igudutki	eg+ud+ut+ki	Unreinheit; Verunreinigung
noun	ikkammašši	ikk+amm+a+šše	u.B.
noun	ilamdōġi	Ilamd+ō+ġe	GN
noun	ilāvā	Ilāvā	GN
noun	ilāv	Ilāvā	GN
noun	ilešk	ileški	u.B.
noun	il	ili	u.B.
noun	illaia	Illaia	GN
noun	īllul	īll+uli	u.B.
noun	ilōllan	ilōllani	u.B.
noun	immande	immande	u.B.
noun	immard	immarde	Schafopfer
noun	immari	immari	u.B.
noun	immarvaġe	Immarvaġe	DN
noun	immašku	Immašku	PN
noun	IM.MEŠ	IM.MEŠ	Winde
noun	IMše	IM+še	Wind
noun	indani	ind+a+ni	u.B.
noun	indanni	ind+a+nni	u.B.
noun	inġar	inġ+ar+i	u.B.
noun	inġ	inġi	u.B.
noun	ini	ini	u.B.
noun	iningald	ennigaldi	u.B.
noun	initḫari	in+i+tḫ+ar+i	u.B.
noun	īnzari	en+zari	Götterschaft
noun	īpšade	īpšade	u.B.
noun	irade	erade	Vogel
noun	irde	irde	Zunge
noun	irdi	irde	Zunge
noun	ird	irde	Zunge
noun	irdōvānni	irdōv+ā+nni	u.B.
noun	irġāri	irġāri	u.B.
noun	irialzi	irial+zi	u.B.
noun	išḫara	Išḫara	DN
noun	išḫāra	Išḫara	DN
noun	išḫar	Išḫara	DN
noun	išḫār	Išḫara	DN
noun	išḫoni	išḫoni	Silber
noun	iški	iški	u.B.
noun	iškin	iški+ni	u.B.
noun	išk	iški	u.B.
noun	IŠKUR-f	Teššob	DN
noun	IŠKUR-	Teššob	DN
noun	IŠKUR-ub	Teššob	DN
noun	ištani	ištani	Inneres
noun	ištanī	ištani	Inneres
noun	ištāni	ištani	Inneres
noun	ištan	ištani	Inneres
noun	īštan	ištani	Inneres
noun	IŠTAR-a	Šavoška	DN
noun	IŠTAR-ka	Šavoška	DN
noun	IŠTAR-k	Šavoška	DN
noun	IŠTAR-	Šavoška	DN
noun	išteni	išteni	u.B.
noun	išten	išteni	u.B.
noun	ištenn	ištenni	u.B.
noun	ištum	ištumi	u.B.
noun	itḫi	itḫi	u.B.
noun	itkalzi	itkal+zi	Reinheit, Reinigung
noun	itkalz	itkal+zi	Reinheit, Reinigung
noun	itkanza	itkan+zi	u.B.
noun	itkanz	itkan+zi	u.B.
noun	itkudutki	itk+ud+ut+ki	Unreinheit
noun	itkulimašši	itk+ul+i+m+a+šše	u.B.
noun	itkulimāšši	itk+ul+i+m+a+šše	u.B.
noun	itkulumašši	itk+ul+i+m+a+šše	u.B.
noun	ittūbi	ittūbi	u.B.
noun	ivi	ivi	u.B.
noun	iv	ivi	u.B.
noun	iža	iža	(Land) jenseits
noun	ižā	iža	(Land) jenseits
noun	ižamme	iža+mme	u.B.
noun	ižammi	iža+mme	u.B.
noun	ižari	iž+ar+i	u.B.
noun	IZ-BU-ni	IZBU.ni	Missgeburt
noun	IZBUni	IZBU.ni	Missgeburt
noun	iže	iže	Regen
noun	iži	iži	Regen?
noun	iži	iži	u.B.
noun	ižī	iži	u.B.
noun	ižikkunn	iž+ikk+o+nni	Jammernder; Klagender
noun	iž	iža	(Land) jenseits
noun	iž	iži	u.B.
noun	izōzi	izuzi	Emmer
noun	ižuġni	ižuġ+ni	Silber
noun	ižuġn	ižuġ+ni	Silber
noun	izuzi	izuzi	Emmer
noun	izūzi	izuzi	Emmer
noun	izuz	izuzi	Emmer
noun	izūz	izuzi	Emmer
noun	kābari	kābari	u.B.
noun	kabli	kabli	Kupfer
noun	kabli	kabli	u.B.
noun	kādal	kād+ali	u.B.
noun	kāde	kāde	Gerste?
noun	kāde	kadi	u.B.
noun	kadi	kadi	u.B.
noun	kādi	kadi	u.B.
noun	kagani	kaġ+a+ni	u.B.
noun	kagan	kaġ+a+ni	u.B.
noun	kaiġi	ka+i+ġe	u.B.
noun	kaiġ	ka+i+ġe	u.B.
noun	kakkari	kakkari	ein Brot
noun	kakkar	kakkari	ein Brot
noun	kalgamiž	Kalgamiž	Gilgamesh (PN; DN)
noun	kāli	kāli	u.B.
noun	kāl	kāli	u.B.
noun	kal	kal	u.B.
noun	kamali	kamali	u.B.
noun	kamē	kamme	ein Tier
noun	kammaḫḫi	kamm+a+ḫḫe	u.B.
noun	kammanġe	kamm+an+ġe	u.B.
noun	kāmmi	kamme	ein Tier
noun	kammiššōri	kammiššōri	Birne?
noun	kamve	kamve	u.B.
noun	kanagitḫi	kanagitḫe	u.B.
noun	kangalb	kangalvi	u.B.
noun	kangalv	kangalvi	u.B.
noun	kāni	kāni	u.B.
noun	kapšalla	Kapšalla	GN
noun	kapši	kapši	u.B.
noun	kapš	kapši	u.B.
noun	kapšuġ	kapš+o+ġe	u.B.
noun	karapte	karapte	u.B.
noun	kare	kare	Vogelfänger
noun	kargāni	karg+ā+ni	u.B.
noun	karg	karg	u.B.
noun	kari	kare	Vogelfänger
noun	kāri	kāri	u.B.
noun	kariž	kariži	u.B.
noun	karži	karži	Lippen
noun	karž	karži	Lippen
noun	KA-š	fāži	Mund
noun	KA-ši	fāži	Mund
noun	kaška	Kaška	GN
noun	KASKAL-r	ḫāri	Weg
noun	KASKAL-ri	ḫāri	Weg
noun	kašk	Kaška	GN
noun	kāssi	kāze	Becher
noun	kašti	kašti	Bogen
noun	katki	kat+ki	Spruch
noun	kāv	kāvi	u.B.
noun	kāze	kāze	Becher
noun	kažiari	Kažiari	GN
noun	kažidabi	kažidabi	u.B.
noun	kāzi	kāze	Becher
noun	kāz	kāze	Becher
noun	kaž	kāži	u.B.
noun	kāž	kāži	u.B.
noun	kažli	kažli	stark, Stärke
noun	kažl	kažli	stark, Stärke
noun	kāžl	kažli	stark, Stärke
noun	kēaži	kiaže	Meer
noun	kēbi	kēbi	u.B.
noun	kēb	kēbi	u.B.
noun	kebli	keb+li	Jäger
noun	kēbli	keb+li	Jäger
noun	kēdaduže	kēd+ad+o+že	u.B.
noun	kēd	kēdi	u.B.
noun	keldardi	keld+ardi	u.B.
noun	kelde	kel+di	Wohl
noun	keldi	kel+di	Wohl
noun	kēlġēdi	kēlġēdi	u.B.
noun	ken	keni	u.B.
noun	kēnnād	kēnnādi	u.B.
noun	kēnnād	kēnn+ār+i	u.B.
noun	kenn	kenni	u.B.
noun	kērē	kērē	u.B.
noun	kērenze	kire+n+ze	Freilassung
noun	kēri	kēri	u.B.
noun	kēšḫe	kešḫi	Thron
noun	kešḫi	kešḫi	Thron
noun	kešḫ	kešḫi	Thron
noun	kešše	Kešše	PN
noun	kēv	kevi	u.B.
noun	kevože	kev+o+že	u.B.
noun	kevri	kevri	Ältester
noun	kiaže	kiaže	Meer
noun	kiaži	kiaže	Meer
noun	kīaži	kiaže	Meer
noun	kibašši	kev+a+šše	u.B.
noun	kibāšši	kev+a+šše	u.B.
noun	kībašši	kev+a+šše	u.B.
noun	kibe	kippe	u.B.
noun	kibi	kevi	u.B.
noun	kibli	keb+li	Jäger
noun	kibridi	kibridi	Sulfur?
noun	kibure	kev+o+re	u.B.
noun	kiburi	kiburi	u.B.
noun	kīdāb	kīdāvi	ein Gewand
noun	kīdāv	kīdāvi	ein Gewand
noun	kiġe	kiġe	u.B.
noun	kiġe	kiḫḫe	u.B.
noun	kiġe	kiʾe	u.B.
noun	kiglibadalli	Kiglibadalli	PN
noun	kikkuni	kikk+o+ni	u.B.
noun	kīli	kili	u.B.
noun	kin	kini	u.B.
noun	kinnāri	kinn+ār+i	u.B.
noun	kippē	kippe	u.B.
noun	kippi	kippi	Macht?
noun	kīppi	kippi	Macht?
noun	kirarini	kir+ari+ni	u.B.
noun	kirarinni	kir+ar+i+nni	u.B.
noun	kirarinn	kir+ar+i+nni	u.B.
noun	kirarne	kir+ari+ni	u.B.
noun	kirarni	kir+ari+ni	u.B.
noun	kire	kire	u.B.
noun	kirenze	kire+n+ze	Freilassung
noun	kirenzi	kire+n+ze	Freilassung
noun	kīrenz	kire+n+ze	Freilassung
noun	kirġe	kirġe	(Umwallung der) Oberstadt
noun	kirinzi	kire+n+ze	Freilassung
noun	kir	kiri	u.B.
noun	kišḫi	kešḫi	Thron
noun	kišḫ	kešḫi	Thron
noun	kiškižiašše	kiš+kiž+i+a+šše	u.B.
noun	kiškižiaššeni	kiš+kiž+i+a+šše+ni	u.B.
noun	kīškūppē	kīšk+ūpp+ē	u.B.
noun	kišše	Kešše	PN
noun	kišši	Kešše	PN
noun	kišši(-)tamašši	kišši	u.B.
noun	kišši(-)tamašši	tam+a+šše	u.B.
noun	kivōrġē	kiv+ōr+ġē	u.B.
noun	kižarže	kiž+ar+že	u.B.
noun	kižipsōvāe	kižipsōvae	u.B.
noun	kīziri	kīziri	u.B.
noun	kīzirže	kīzir+že	u.B.
noun	kōlm	kōlmi	u.B.
noun	kōmur	kōmuri	u.B.
noun	kōppann	kōpp+a+nni	u.B.
noun	kōruppi	kōruppi	u.B.
noun	kubaba	Kubaba	DN
noun	kubāġi	kubāġi	eine Kopfbedeckung
noun	kubaġ	kubaġi	u.B.
noun	kūdade	kūdade	u.B.
noun	kuduni	kuduni	Nacken?
noun	kulamōrre	kul+am+ō+rre	u.B.
noun	kulamudutki	kul+am+ud+ut+ki	Verleumdung
noun	kulamurni	kulamur+ni	u.B.
noun	kuldubi	kuldubi	u.B.
noun	kuliġe	kul+i+ġe	Ausspruch?; das Sprechen?
noun	kūlī	kuli	u.B.
noun	kulimāšše	kul+i+m+ā+šše	u.B.
noun	kulimmāššōḫḫ	kul+i+mm+ā+šš+ō+ḫḫe	u.B.
noun	kul	kuli	u.B.
noun	kulmi(-)ḫuštal	kulmi	u.B.
noun	kulmi(-)ḫušt	ḫušte	u.B.
noun	kulmore	kulm+o+re	u.B.
noun	kulmōri	kulm+o+re	u.B.
noun	kulmōri	kulmōri	u.B.
noun	kulmuri	kulm+o+re	u.B.
noun	kulumbi	kulumbi	u.B.
noun	kulumb	kulumbi	u.B.
noun	kulve	kulve	u.B.
noun	kulzi	kulzi	u.B.
noun	kulz	kulzi	u.B.
noun	kumAḪši	kumaḫši	u.B.
noun	kumAḪši	kumeḫši	u.B.
noun	kumarbi	Kumarve	Kumarbi (DN)
noun	kumarve	Kumarve	Kumarbi (DN)
noun	kūmde	kūm+de	Turm
noun	kumdi	kūm+de	Turm
noun	kummene	Kumme+ne	GN
noun	kummeni	Kumme+ne	GN
noun	kummini	Kumme+ne	GN
noun	kumri	kumri	ein Priester
noun	kumr	kumri	ein Priester
noun	kumruḫḫ	kumr+o+ḫḫe	u.B.
noun	kūmuri	kūmuri	u.B.
noun	kundari	kundari	u.B.
noun	kundāri	kundāri	u.B.
noun	kundi	kunde	u.B.
noun	kune	kune	u.B.
noun	kungallē	kungallē	Fettschwanzschaf
noun	kuraḫḫi	kur+aḫḫ+i	Servierer
noun	kuraḫḫ	kur+a+ḫḫe	Servierer
noun	kuraḫḫ	kur+aḫḫ+i	Servierer
noun	kurann	kur+a+nni	u.B.
noun	KÚR-e	torove	Feind
noun	kurgōrvi	kurgōrvi	u.B.
noun	KÚR-ni(-)ema	torvonni	Feind
noun	KUR-ni	omini	Land
noun	KUR-n	omini	Land
noun	KUR-	omini	Land
noun	KÚR-	torove	Feind
noun	kurupp	kuruppi	u.B.
noun	kutkūd	kut+kūdi	u.B.
noun	kutte	kutte	u.B.
noun	kuttive	kuttive	u.B.
noun	kuttiven	kuttive+ni	u.B.
noun	kuttiven	kuttive	u.B.
noun	kutt	kutte	u.B.
noun	kužaġ	Kužaġ	DN
noun	kūžaġ	Kužaġ	DN
noun	kuzuġi	kuz+o+ġe	u.B.
noun	kužuġ	Kužuġ	DN
noun	kūžuġ	Kužuġ	DN
noun	kužuškože	kuž+u+šk+o+že	u.B.
noun	lablaḫḫe	labla+ḫḫe	Zeder
noun	lablaḫḫi	labla+ḫḫe	Zeder
noun	laġlaḫḫi	Laġlaḫḫi	GN
noun	lallari	lallari	Klagepriester
noun	leli	leli	u.B.
noun	lēli	leli	u.B.
noun	LÚ-e	tāġe	Mann
noun	LUGAL-a	ever+n+akka	König
noun	LUGAL.GI.EN	LUGAL.GI.EN	PN
noun	LUGAL.GI.EN-	LUGAL.GI.EN	PN
noun	LUGAL.GI	LUGAL.GI	PN
noun	LUGAL-ka	ever+n+akka	König
noun	LUGAL-k	ever+n+akka	König
noun	LUGAL-ni	ever+ni	König
noun	LÚ-ka	taġ+akka	Mann
noun	LÚ-kā	taġ+akka	Mann
noun	LÚ-k	taġ+akka	Mann
noun	lullimbar	lull+i+mb+ar+i	u.B.
noun	lullue	Lullue	GN
noun	māde	mādi	Weisheit
noun	mādili	mādili	u.B.
noun	mādill	mādilli	u.B.
noun	mādi	mādi	Weisheit
noun	madl	madli	u.B.
noun	mad	mādi	Weisheit
noun	mād	mādi	Weisheit
noun	maēttan	maētta+ni	u.B.
noun	magaldi	magaldi	ein Brot
noun	maġiri	maġiri	Marktplatz
noun	maġitti	maġitti	u.B.
noun	maġōri	maġōri	u.B.
noun	māġri	māġri	u.B.
noun	māli	mali	u.B.
noun	mallad	mall+ade	Schüssel; Schale
noun	mal	mali	u.B.
noun	mālōžē	māl+ō+žē	u.B.
noun	malvāži	malvāži	u.B.
noun	mammore	mamm+o+re	u.B.
noun	māmore	mām+o+re	u.B.
noun	mandukki	mandukki	u.B.
noun	mandukk	mandukki	u.B.
noun	māni	māni	u.B.
noun	mannamištu	Mannamištu	PN
noun	mānnuwali	mānnuwali	u.B.
noun	mānnuwalli	mānnuwalli	u.B.
noun	mānur	mān+o+re	u.B.
noun	marašte	marašte	u.B.
noun	mardamani	mardam+a+ni	u.B.
noun	mardamanni	Mardamanni	GN
noun	mardamanni	mardam+a+nni	u.B.
noun	marešḫi	mar+i+šḫe	u.B.
noun	māri	mari	u.B.
noun	marne	marne	u.B.
noun	marni	marne	u.B.
noun	maruži	maroži	Krankheit
noun	māški	māški	Schale?
noun	mazanuri	mazanuri	u.B.
noun	mēgi	Mēgi	PN
noun	mēre	mēri	u.B.
noun	mēri	mēri	u.B.
noun	mini	mini	Nacht?
noun	mirešḫi	mir+e+šḫi	u.B.
noun	mīri	mīri	u.B.
noun	mirulav	mir+ul+avi	u.B.
noun	miržā	mirži	u.B.
noun	mirž	mirži	u.B.
noun	mōri	mōri	u.B.
noun	mōrri	mōrri	u.B.
noun	mūgižanun	Mūgižanun	GN
noun	munġī	munġi	u.B.
noun	munġ	munġi	u.B.
noun	muni	muni	u.B.
noun	mūnurimi	mūnurimi	u.B.
noun	murġulišt	murġulišti	u.B.
noun	murri	mōrri	u.B.
noun	murr	murri	u.B.
noun	muwiri	mū+i+re	u.B.
noun	mužoni	Mužoni	DN
noun	mužuni	Mužoni	DN
noun	mužūni	muž+u+ni	Heger?; Bauer?
noun	mužun	muž+u+ni	u.B.
noun	mužunni	Mužoni	DN
noun	nabarbi	Nabarbi	DN
noun	nabari	Nabari	DN
noun	nabari	nab+ar+i	u.B.
noun	nābi	nave	(Todes-)Schicksal?
noun	nāb	nave	(Todes-)Schicksal?
noun	nabni	nabni	u.B.
noun	nabn	nabni	u.B.
noun	nagēri	nagēri	u.B.
noun	naġmazuli	Naġmazuli	DN
noun	naḫḫašši	naḫḫ+a+šše	u.B.
noun	naḫḫōtḫi	naḫḫ+ō+tḫe	Sitzgelegenheit
noun	naḫḫōtḫ	naḫḫ+ō+tḫe	Sitzgelegenheit
noun	naḫḫōž	naḫḫ+o+že	Sitzgelegenheit
noun	naḫḫuž	naḫḫ+o+že	Sitzgelegenheit
noun	naīa	naīa	u.B.
noun	nāie	nāie	u.B.
noun	naiġē	na+i+ġē	Weide
noun	nai	nai	u.B.
noun	nakkašḫ	nakk+a+šḫe	u.B.
noun	nakti	nakti	u.B.
noun	nakti	nakti	zerstört?; Ruine?
noun	nāldiri	nāldiri	u.B.
noun	nāli	nāli	Rehbock
noun	nāli	nāli	u.B.
noun	namli	namli	Bett
noun	naml	namli	Bett
noun	namni	Namni	GN
noun	nāni	nāni	u.B.
noun	našp	našpi	u.B.
noun	natḫi	natḫi	Bett
noun	nātḫ	natḫi	Bett
noun	natki	natki	u.B
noun	nauni	nau+ni	Weide
noun	nāūnni	nāū+nni	Weide
noun	navani	navani	u.B.
noun	navari	Navari	GN
noun	nave	nave	(Todes-)Schicksal?
noun	nave	nave	u.B.
noun	nawun	nau+ni	Weide
noun	nāwunni	nāū+nni	Weide
noun	nažāgi	nažāgi	u.B.
noun	nāžarni	nāž+ar+ni	u.B.
noun	nēbāži	nēb+ā+že	u.B.
noun	nēbāž	nēb+ā+že	u.B.
noun	nēduġē	nēd+o+ġē	u.B.
noun	nēġārž	nēġār+že	u.B.
noun	neġirn	neġer+ni	Brust
noun	negri	negri	Schutz, Beschützer
noun	nēla	nēla	u.B.
noun	nelġ	nelġi	u.B.
noun	nēli	nēli	Honig
noun	nēli	nēli	u.B.
noun	nēl	nēli	Honig
noun	nera	nera	Mutter
noun	nēra	nera	Mutter
noun	neri	neri	gut; Güte
noun	nēri	neri	gut; Güte
noun	nērne	nēr+ni	Mutter
noun	ner	nera	Mutter
noun	nēr	nera	Mutter
noun	ner	neri	gut; Güte
noun	nēr	neri	gut; Güte
noun	nešḫi	nešḫi	u.B.
noun	neššē	nešši	Gabe
noun	nešši	nešši	Gabe
noun	nēšši	nešši	Gabe
noun	nešš	nešši	Gabe
noun	nibr	nibri	u.B.
noun	nigallu	Nigallu	DN
noun	nigalo	Nigalo	DN
noun	niġari	niġari	Mitgift; Gabe
noun	niġāri	niġari	Mitgift; Gabe
noun	niġarži	niġar+že	u.B.
noun	niġe	niġe	u.B.
noun	niġi	niġe	u.B.
noun	nig	nigi	u.B.
noun	nīġriaže	nīġr+i+a+že	u.B.
noun	nigri	negri	Schutz, Beschützer
noun	nikkal	Nikkal	DN
noun	nikkalu	Nikkal	DN
noun	nil	nēli	Honig
noun	nil	nili	u.B.
noun	ninuwa	Ninuwa	GN
noun	ninuwā	Ninuwa	GN
noun	nīnuwa	Ninuwa	GN
noun	nippilōv	Nippilova	GN
noun	nirġ	nirġi	u.B.
noun	niri	neri	gut; Güte
noun	nir	nera	Mutter
noun	nir	neri	gut; Güte
noun	nīvari	nīv+ar+i	u.B.
noun	nīvāži	nīv+ā+že	u.B.
noun	niviri	niviri	u.B.
noun	nōdiri	nōdiri	u.B.
noun	nōġašše	Nōġašše	GN
noun	nōġ	nōġ	u.B.
noun	nōi	noi	Ohr
noun	noriġe	nor+i+ġe	u.B.
noun	nōvarē	nōv+ar+ē	u.B.
noun	nōvi	nōvi	u.B.
noun	nōv	nōvi	u.B.
noun	nubur	nubur+ni	u.B.
noun	nudanzaġe	nudan+z+a+ġe	u.B.
noun	nudanzaġ	nudan+z+a+ġe	u.B.
noun	nūduž	nūd+o+že	u.B.
noun	nuġoni	nuġ+o+ni	u.B.
noun	nuḫḫaže	nuḫḫ+a+že	u.B.
noun	nulade	nul+ade	u.B.
noun	nūm	nūmi	u.B.
noun	numri	numri	u.B.
noun	nurandiġi	nurandiġi	Granatapfel
noun	nurāšše	nur+ā+šše	u.B.
noun	nūrbi	nūrbi	u.B.
noun	nutkiġ	nutk+i+ġe	u.B.
noun	nūvani	nūv+a+ni	u.B.
noun	nūvari	nūv+ar+i	u.B.
noun	ōġni	ōġ+ni	Weh(geschrei)
noun	oġōšše	oġ+ō+šše	u.B.
noun	ōlli	ōlli	u.B.
noun	olluġože	oll+uġ+o+že	u.B.
noun	ōlmi	ōl+mi	Waffe
noun	ōlm	ōl+mi	Waffe
noun	ōlm	ūl+me	Sklavin; Dienerin
noun	omini	omini	Land
noun	ōmmin	omini	Land
noun	ōrgi	Ōrgi	GN
noun	ōrgi	ōrgi	u.B.
noun	ori	ori	Fuß
noun	oronni	or+o+nni	hinterer; Rückseite
noun	ošḫoni	ošḫo+ni	Silber
noun	ōšḫun	ošḫo+ni	Silber
noun	ōšši	ōšši	u.B.
noun	ōššoni	ōšš+o+ni	u.B.
noun	ōššunil	ōššunili	u.B.
noun	ōššužann	ōššuž+a+nni	u.B.
noun	ōššužan	ōššuž+a+ni	u.B.
noun	ōššuž	ōšš+o+že	u.B.
noun	ōštannōġ	ōšt+a+nn+ō+ġe	Held, heldenhaft
noun	ōžni	ōžni	u.B.
noun	pabani	paba+ni	Berg
noun	pabāni	paba+ni	Berg
noun	pabanni	paba+ni	Berg
noun	pābanni	paba+ni	Berg
noun	paban	paba+ni	Berg
noun	pāban	paba+ni	Berg
noun	pābelġ	Pābel+ġe	GN
noun	pabni	paba+ni	Berg
noun	pabni	pab+ni	Berg
noun	padni	padni	u.B.
noun	pāeni	pāeni	u.B.
noun	pagamme	pag+a+mme	u.B.
noun	paġandari	paġ+and+ar+i	u.B.
noun	pāġan	pāġani	u.B.
noun	paġari	paġari	u.B.
noun	pāġilāe	pāġilāe	u.B.
noun	pāġi	pāġi	Kopf
noun	pāġi	paġi	u.B.
noun	paġli	paġ+li	u.B.
noun	paġmi	paġmi	u.B.
noun	pāġ	pāġi	Kopf
noun	paġr	faġri	gut; Gutes
noun	pāḪARri	pāġarri	u.B.
noun	pāḪARri	pāġurri	u.B.
noun	pāḪARri	pāmurri	u.B.
noun	paḫḫiri	paḫḫiri	u.B.
noun	paibibla	Paib.Ebla	PN
noun	paibibl	Paib.Ebla	PN
noun	paini	pāini	Tamariske?
noun	paini	paini	u.B.
noun	paīnni	paīnni	u.B.
noun	pāinni	pā+i+nni	u.B.
noun	pāinn	pā+i+nni	u.B.
noun	pāīnn	pā+i+nni	u.B.
noun	paire	pa+i+re	Erbauer
noun	pāiri	pāiri	u.B.
noun	pair	pa+i+re	Erbauer
noun	palaġ	palaġi	u.B.
noun	palaġ	palaḫḫi	u.B.
noun	palaġ	palaʾe	u.B.
noun	pālī	pāli	falsch
noun	pāl	pāli	falsch
noun	pandani	fand+a+ni	recht, rechte Seite
noun	pandarinn	fand+ar+i+nni	Koch
noun	pandari	pand+ar+i	u.B.
noun	pand	fandi	recht, rechte Seite
noun	pand	pandi	u.B.
noun	pannir	panniri	u.B.
noun	parġi	parġi	Hof
noun	parġ	parġi	Hof
noun	pārg	pārgi	u.B.
noun	pārili	pārili	Ärgernis; Verfehlung
noun	pāril	pārili	Ärgernis; Verfehlung
noun	pari	pari	Stirnlocke?
noun	pāri	pāri	u.B.
noun	pārironi	pār+i+r+o+ni	u.B.
noun	pārirunni	pār+i+r+o+nni	u.B.
noun	parissade	pariss+ade	ein halbes Kor
noun	pāriže	pār+i+že	u.B.
noun	pāriže	pāriže	u.B.
noun	pārizi	pārizi	ein halbes Kor
noun	pāriž	pār+i+že	u.B.
noun	par	pāri	u.B.
noun	pār	pāri	u.B.
noun	parzīg	parzīgi	u.B.
noun	pāššaḫḫi	pāšš+aḫḫ+i	Bote?
noun	paššarugār	pašš+ar+ugār+i	u.B.
noun	paššiġe	pašš+i+ġe	Sendung?
noun	pašši	pašši	u.B.
noun	pāššitḫā	pāšš+i+tḫe	Gesandter; Bote
noun	paššitḫi	pāšš+i+tḫe	Gesandter; Bote
noun	paššitḫ	pāšš+i+tḫe	Gesandter; Bote
noun	pāššitḫ	pāšš+i+tḫe	Gesandter; Bote
noun	pass	passi	u.B.
noun	pāttari	pāttari	u.B.
noun	patte	patte	u.B.
noun	pātte	patte	u.B.
noun	pāttīvori	pāttīvori	u.B.
noun	pattōri	pattōri	u.B.
noun	pāžan	fāžani	Monat
noun	pāžanni	pāž+a+nni	u.B.
noun	pāže	pāže	u.B.
noun	pāž	fāži	Mund
noun	paži	fāži	Mund
noun	pāži	fāži	Mund
noun	paž	pāže	u.B.
noun	pāž	pāže	u.B.
noun	pedari	ped+ar+i	Rind
noun	pēdāri	ped+ar+i	Rind
noun	pedōri	pedōri	u.B.
noun	pēġi	pēġi	u.B.
noun	pēġulab	pēġulabi	u.B.
noun	pell	pille	Kanal
noun	pērġēna	Pērġēna	GN
noun	pērġēn	Pērġēni	GN
noun	pērġub	pērġubi	u.B.
noun	pēr	Pēri	GN
noun	piari	pīari	u.B.
noun	pīari	pīari	u.B.
noun	pīar	pīari	u.B.
noun	pid	pīdi	u.B.
noun	pīd	pīdi	u.B.
noun	pidušši	pid+o+šše	u.B.
noun	pidušš	pid+o+šše	u.B.
noun	piġi	piġi	u.B.
noun	pig	pigi	u.B.
noun	piġ	piġi	u.B.
noun	pilāġižiliġ	pil+āġ+i+šše+li+ġe	Spinnereiarbeit
noun	pili	pili	u.B.
noun	pilla	pilla	Kanal
noun	pille	pille	Kanal
noun	pill	pille	Kanal
noun	pindaiani	pindaia+ni	u.B.
noun	pindaianni	pindaia+nni	u.B.
noun	piri	piri	u.B.
noun	pir	piri	u.B.
noun	pirri	pirri	u.B.
noun	pirugār	pir+ugāri	u.B.
noun	pirundōġ	pirund+ō+ġe	GN?
noun	pišḫi	pišḫi	u.B.
noun	pitkir	pitkiri	u.B.
noun	pittōri	pittōri	u.B.
noun	pittugall	pittugalli	u.B.
noun	pižāišpā	Pižāiš.pā	GN
noun	pizigarra	Pizigarra	PN
noun	pižiri	pižiri	u.B.
noun	poli	poli	u.B.
noun	pōnġi	pōnġi	Nase
noun	pōrali	pōrali	u.B.
noun	pōrallini(-)nešš	nešši	Gabe
noun	pōralli	pōralli	u.B.
noun	pōranade	Pōranade	GN
noun	pōr	fōri	Blick
noun	pōridi	pōr+idi	u.B.
noun	pōri	fōri	Blick
noun	pōšši	pōšši	u.B.
noun	powe	powe	u.B.
noun	pudulimašši	fud+ol+i+m+a+šše	u.B.
noun	pudulimāšši	fud+ol+i+m+a+šše	u.B.
noun	pudūlimašši	fud+ol+i+m+a+šše	u.B.
noun	puġuiri	puġuiri	u.B.
noun	puġuir	puġuiri	u.B.
noun	pugulb	pugulbi	u.B.
noun	pulidi	pul+idi	u.B.
noun	puli	puli	u.B.
noun	puramdi	Purandi	GN
noun	purammi	pura+mmi	Sklave; Diener
noun	pūrānadi	Pūrānadi	GN
noun	purandi	Purandi	GN
noun	puranziḫ	Puranziḫ	GN
noun	purburnī	pur+bur+ni	u.B.
noun	purburn	pur+bur+ni	u.B.
noun	purġ	purġi	u.B.
noun	purra	Purra	PN
noun	purrēnni	pur+i+rē+nni	u.B.
noun	puššinni	pošš+i+nni	u.B.
noun	pušši	pōšši	u.B.
noun	pušši	pušši	u.B.
noun	puss	pussi	u.B.
noun	putki	fut+ki	Sohn
noun	putkī	fut+ki	Sohn
noun	pūtki	fut+ki	Sohn
noun	puttiġi	put+t+i+ġe	u.B.
noun	puttiġ	put+t+i+ġe	u.B.
noun	šabadni	šabad+ni	u.B.
noun	šabalani	šab+al+a+ni	u.B.
noun	šabalan	šab+al+a+ni	u.B.
noun	sabalgi	sabal+gi	u.B.
noun	sabari	sabari	u.B.
noun	šaben	šabeni	u.B.
noun	šabinuwa	Šabinuwa	GN
noun	sablašši	sabl+a+šše	u.B.
noun	šabl	šavli	Jahr
noun	sablungi	sabl+ung+i	u.B.
noun	sabri	sabri	böse
noun	šaburn	šabur+ni	u.B.
noun	šadāne	šadani	u.B.
noun	šadani	šadani	u.B.
noun	šaderi	šaderi	u.B.
noun	šader	šaderi	u.B.
noun	šadn	šadni	u.B.
noun	šaġadnadi	šaġad+n+adi	Hälfte
noun	šagari	šag+ar+i	u.B.
noun	šāġari	šāġ+ar+i	Ziegenbock
noun	SAG-ḫi	pāġi	Kopf
noun	šāġlē	šāġlē	u.B.
noun	šāġl	šāġli	u.B.
noun	šagumže	šag+um+že	u.B.
noun	šaġurunuwa	Šaġurunuwa	PN
noun	saḫḫ	saḫḫi	Bandwurmfinne
noun	šāišḫi	šā+i+šḫe	u.B
noun	sakkandi	sakkandi	u.B.
noun	šālabnir	šālabniri	u.B.
noun	šālabni	šālab+ni	u.B.
noun	šālabn	šālab+ni	u.B.
noun	šālade	šālade	u.B.
noun	šāla	šāla	Tochter
noun	sālī	sāli	u.B.
noun	šāli	šāli	u.B.
noun	šallaē	šallaie	u.B.
noun	šallaie	šallaie	u.B.
noun	sāllav	sāllavi	u.B.
noun	sāl	sāli	u.B.
noun	sal	salmi	Bild; Statue
noun	šāmani	šāmani	u.B.
noun	šāmanni	šāmanni	u.B.
noun	sangandi	sangandi	u.B.
noun	ŠÀ-ni	ištani	Inneres
noun	ŠÀ-n	ištani	Inneres
noun	šān	šāni	u.B.
noun	sanzāmi	sanzāmi	u.B.
noun	šapḫaldi	šapḫaldi	linke Seite; links
noun	šarāmmē	šarāmmē	u.B.
noun	šarārm	šarārmi	u.B.
noun	šāri	šāri	u.B.
noun	šāri	šāri	Wunsch
noun	sarmade	Sarmade	GN
noun	šarnitḫe	šarn+i+tḫe	u.B.
noun	šarrašše	šarr+a+šše	Königtum
noun	šarrašši	šarr+a+šše	Königtum
noun	šarrē	šarrē	u.B.
noun	šarrē	šarri	Gottkönig
noun	šarri	šarri	Gottkönig
noun	šarr	šarri	Gottkönig
noun	šarrumma	Šarrumma	DN
noun	šar	šāri	u.B.
noun	šār	šāri	u.B.
noun	šār	šāri	Wunsch
noun	šaržāraima	Šaržāraima	DN
noun	šaržārai	Šaržārai	DN
noun	šarž	šarže	u.B.
noun	šašfe	šašfe	u.B.
noun	šašfe	šašfe	Zicklein
noun	sāssari	sāss+ar+i	u.B.
noun	sassinī	sassi+ni	u.B.
noun	sassin	sassi+ni	u.B.
noun	sassi	sassi	u.B.
noun	šattaġamōr	šattaġamōri	u.B.
noun	šauri	šauri	Waffe
noun	šauška	Šavoška	DN
noun	šauškā	Šavoška	DN
noun	šavadni	šavad+ni	u.B.
noun	šavli	šavli	Jahr
noun	šāvōe	šāv+ō+ʾe	u.B.
noun	šavoška	Šavoška	DN
noun	šavōže	šav+ō+že	erhaben
noun	šavuška	Šavoška	DN
noun	šāwr	šauri	Waffe
noun	sāzalla	Sāzalla	PN
noun	šažari	šažari	Säge
noun	šazir	šaziri	u.B.
noun	šazir	taziri	u.B.
noun	sāzi	sāzi	u.B.
noun	sažr	sažri	u.B.
noun	sazuld	saz+ul+di	u.B.
noun	šebār	šeb+ār+i	u.B.
noun	šēġadulimašši	šēġ+ad+ul+i+m+a+šše	u.B.
noun	šēġala	šēġala	rein; Reinheit
noun	šeġalaššeġe	šeġal+a+šše+ġe	u.B.
noun	šēġa	šēġa	Tor
noun	šeġelli	šeġli	rein; Reinheit
noun	šeġelz	šeġel+zi	u.B.
noun	šeġir	šeġiri	u.B.
noun	šeġli	šeġli	rein; Reinheit
noun	šeġl	šeġli	u.B.
noun	šeġōni	šeġōni	u.B.
noun	šeġorni	šeġor+ni	Leben
noun	šeġōrni	šeġor+ni	Leben
noun	šeġōrn	šeġor+ni	Leben
noun	šeġri	šeġri	angenehm; großzügig
noun	šeġri	šeġri	u.B.
noun	šeġrul	šeġr+oli	u.B.
noun	šēġ	šēġa	Tor
noun	šeġurninni	šeġor+n+i+nni	u.B.
noun	šeġurni	šeġor+ni	Leben
noun	šeġurn	šeġor+ni	Leben
noun	šēġurn	šeġor+ni	Leben
noun	šelli	šelli	Haus
noun	šēlli	šelli	Haus
noun	šelloġlopše	šell+o+ġ+l+o+pše	u.B.
noun	šelloġoli	šell+o+ġ+o+li	Hausangehöriger?
noun	šellošše	šell+o+šše	u.B.
noun	šell	šelli	Haus
noun	šēll	šelli	Haus
noun	šellušš	šell+o+šše	u.B.
noun	selmi	selmi	u.B.
noun	šelože	šel+o+že	u.B.
noun	šel	šeli	u.B.
noun	šelužē	šel+o+žē	u.B.
noun	šena	šena	Bruder
noun	šendamennī	Šendamenni	PN
noun	šend	šindi	u.B.
noun	šēni	šeni	u.B.
noun	šēnn	šēn+ni	Bruder
noun	šēnn	šēnni	u.B.
noun	šēn	šena	Bruder
noun	šēn	šeni	u.B.
noun	šenzūw	šen+z+ūwi	zweiter
noun	šērāmmi	šērāmmi	Norden
noun	šerġe	šer+ġe	u.B.
noun	šerġi	šerġi	u.B.
noun	šēri	Šēri	DN
noun	šēri	šēri	jeder?
noun	šērižu	Šērižu	DN
noun	šerminġi	šermin+ġe	Zypresse?
noun	šerminġ	šermin+ġe	Zypresse?
noun	serrē	serrē	Esel
noun	šēr	šēri	jeder?
noun	šervi	šervi	u.B.
noun	šerže	šer+že	u.B.
noun	šešfe	šešfe	Zicklein
noun	šē	šiye	Wasser; Fluss
noun	šeššali	šeššali	u.B.
noun	šeššalli	šeššalli	u.B.
noun	šešte	šešti	u.B.
noun	šešti	šešti	u.B.
noun	šeštuġalzi	šeštuġ+al+zi	u.B.
noun	ševeri	ševeri	u.B.
noun	sēze	sēze	Brust?
noun	sēži	sēži	u.B.
noun	šēž	šēži	u.B.
noun	šīadi	šīadi	u.B.
noun	šīaiašši	šīaiašše	u.B.
noun	šiali	šiali	u.B.
noun	šiāni	šiāni	u.B.
noun	šia	šiya	Wasser; Fluss
noun	šia	šiye	Wasser; Fluss
noun	šīa	šiye	Wasser; Fluss
noun	sibari	sib+ar+i	u.B.
noun	sibi	sibi	u.B.
noun	šib	šibi	u.B.
noun	šidarbu	Šidarbu	GN
noun	šidarni	šid+ar+ni	Fluch
noun	šidarn	šid+ar+ni	Fluch
noun	šidārn	šid+ar+ni	Fluch
noun	šidōri	šid+ō+ri	Mädchen; junge Frau
noun	šīelv	šīlvi	u.B.
noun	šiē	šiye	Wasser; Fluss
noun	šīe	šiye	Wasser; Fluss
noun	šigadi	šig+adi	u.B.
noun	sigaldi	sigaldi	u.B.
noun	sigalduži	sigald+o+že	u.B.
noun	SI.GAR-r	SI.GAR.ri	Halszwinge
noun	sigarulli	sig+ar+ulli	u.B.
noun	šīġātt	šīġ+ātti	u.B.
noun	sīgil	sīgili	u.B.
noun	šīġi	šīġi	u.B.
noun	šiglade	šigl+ade	Schekel
noun	sigrōšḫe	sigr+ō+šḫe	u.B.
noun	sigrōšḫi	sigr+ō+šḫe	u.B.
noun	šīġ	šēġa	Tor
noun	šīġ	šīġi	u.B.
noun	šikki	šikki	Pflock?; Balken?
noun	sikkōġ	sikk+o+ġe	zerbrochen
noun	šilāġi	šilāġi	u.B.
noun	šilaluġi	šilaluġi	u.B.
noun	šilav	šilavi	u.B.
noun	šilāv	šilavi	u.B.
noun	šilumōtḫe	šil+um+ō+tḫe	u.B.
noun	šimegai	Šimiga+i	DN
noun	simidadi	simidadi	u.B.
noun	simidad	simidadi	u.B.
noun	šimiga	Šimiga	DN
noun	šimige	Šimige	DN
noun	šimigi	Šimige	DN
noun	šimi	šimi	u.B.
noun	simmi	simmi	u.B.
noun	šindade	šind+ade	siebener Gruppe
noun	šindaġe	šindaġe	ein Leberteil
noun	šindi	šindi	u.B.
noun	šindiššē	šindi+ššē	siebter
noun	šind	šindi	u.B.
noun	šīnd	šindi	u.B.
noun	šinnaġini	šinnaġi+ni	u.B.
noun	šīn	šī+ni	Auge
noun	šinubi	šinubi	u.B.
noun	šīnunaġi	šīnunaġi	u.B.
noun	šinurġi	šinurġi	Zwilling?
noun	šinutḫi	Šinutḫi	GN
noun	šinut	Šinut	GN
noun	sipsiḫḫ	sips+i+ḫḫe	u.B.
noun	šīri	šīri	u.B.
noun	šīri	šīri	Zahl
noun	šīrni	šīr+ni	u.B.
noun	šīrn	šīr+ni	Glanz?
noun	šīrn	šīr+ni	u.B.
noun	šīrūr	šīrūri	u.B.
noun	šī	šī	Auge
noun	si	si	u.B.
noun	ši	šiye	Wasser; Fluss
noun	šī	šiye	Wasser; Fluss
noun	šīūli	šīūli	u.B.
noun	šīwḫ	šīuġi	u.B.
noun	šiye	šiye	Wasser; Fluss
noun	sōbār	sōbāri	u.B.
noun	sōbi	sōve	u.B.
noun	šōe	šōe	u.B.
noun	šōġari	šōġ+ar+i	u.B.
noun	šōġašše	šōġ+a+šše	u.B.
noun	šōġoni	šōġoni	Mauer
noun	šōġori	šōġori	Leben
noun	šōġuri	šōġori	Leben
noun	šōġuri	šōġuri	u.B.
noun	šōi	šōe	u.B.
noun	sōī	sōī	u.B.
noun	šōlli	šolli	Kohle
noun	šōmuri	šōmuri	u.B.
noun	šōni	šō+ni	Hand
noun	sōni	sōni	u.B.
noun	šōn	šō+ni	Hand
noun	sōpḫōr	sōpḫōri	u.B.
noun	šōrašše	šōr+a+šše	u.B.
noun	šōri	šōri	u.B.
noun	šōr	šōri	u.B.
noun	sōšši	sōšši	u.B.
noun	sōšš	sōšši	u.B.
noun	sōšš	sōšš	u.B.
noun	šōvala	šowala	Wein
noun	šōva	šowa	Tag
noun	sōve	sōve	u.B.
noun	šōv	šowa	Tag
noun	šowali	šowali	Wein
noun	šowa	šowa	Tag
noun	š	šī	Auge
noun	š	šiye	Wasser; Fluss
noun	ŠÚ.A-ḫi	kešḫi	Thron
noun	ŠÚ.A-ki	kešḫi	Thron
noun	šubi	šubi	u.B.
noun	subitt	subitti	u.B.
noun	subn	subni	u.B.
noun	šubriana	šubri+ana	u.B.
noun	šubri	šubri	u.B.
noun	šūġari	šūġ+ar+i	u.B.
noun	šūgatte	šūgatte	u.B.
noun	sugazūganišš	suga+zūga+ni+šše	u.B.
noun	sugazūgani	suga+zūga+ni	u.B.
noun	šūgē	šūgē	u.B.
noun	sūgētte	sūgētte	u.B.
noun	ŠU.GI-šari	ŠU.GI+šari	Ältestenschaft
noun	šūgi	šūgi	Dach?
noun	suġižali	suġižali	u.B.
noun	suġižalli	suġižalli	u.B.
noun	šuġori	šuġori	u.B.
noun	šuġrāže	šuġr+ā+že	u.B.
noun	šuġražn	šuġraž+ni	u.B.
noun	suġri	suġri	Gras
noun	šuġ	šuʾi	u.B.
noun	šuġun	šōġoni	Mauer
noun	suḫḫi	suḫḫi	u.B.
noun	šui	šui	u.B.
noun	sukki	sukki	u.B.
noun	šukkunn	šukk+o+nni	u.B.
noun	šukkun	šukk+o+ni	u.B.
noun	šukkutt	šukk+utti	u.B.
noun	sūlešk	sūl+eški	u.B.
noun	sulgi	sul+gi	Bindung?
noun	šull	šolli	Kohle
noun	šullūbri	šullūbri	ein Gebäck
noun	sulōže	sul+ō+že	u.B.
noun	šūl	šūli	u.B.
noun	sūlūde	sūl+ūde	u.B.
noun	šumali	šumali	u.B.
noun	sumġar	sumġar	u.B.
noun	šummani	šumm+a+ni	u.B.
noun	šummanni	šumm+a+nni	u.B.
noun	šummer	šummeri	u.B.
noun	šummōnni	šummōnni	Hand
noun	šumni	šumni	Hand
noun	šum	šumi	u.B.
noun	šumun	šumni	Hand
noun	šumuri	šumuri	u.B.
noun	šundin	šundi+ni	u.B.
noun	šūn	šō+ni	Hand
noun	šuppašše	šupp+a+šše	u.B.
noun	suppi	suppi	u.B.
noun	šūpt	šūpti	u.B.
noun	šurakkann	šurakk+a+nni	u.B.
noun	sūrangi	sūr+ang+i	u.B.
noun	šūrani	šūrani	u.B.
noun	šūranni	šūr+a+nni	u.B.
noun	šuratḫe	šur+a+tḫe	eine Baumart
noun	šurbēgi	šurbēgi	u.B.
noun	šūrbē	šūrbē	u.B.
noun	šurbigi	šurbigi	u.B.
noun	šurb	šurbi	u.B.
noun	šūre	šuri	u.B.
noun	surgi	surgi	Blut(tat)
noun	šuri	šuri	u.B.
noun	šūri	šuri	u.B.
noun	šūrnī	šūrnī	u.B.
noun	šūrn	šūrni	u.B.
noun	surungi	sur+ung+i	u.B.
noun	suruški	sur+u+ški	u.B.
noun	šūrūži	šūrūže	u.B.
noun	suwadatte	suv+ad+atte	ein Viertel Kor
noun	suwaḫḫu	Suwaḫḫu	GN
noun	šuwani	šuw+a+ni	alle?, gesamt?
noun	šūwarudi	šūwarudi	u.B.
noun	šūwa	šowa	Tag
noun	sūwe	sūve	u.B.
noun	sūw	sūve	u.B.
noun	šūži	šūži	u.B.
noun	suzōnni	suss+ō+nni	u.B.
noun	šūž	šūži	u.B.
noun	suzumagi	suzumagi	u.B.
noun	tabakk	tabakki	u.B.
noun	tabali	taba+li	Schmied
noun	tabire	tab+i+re	Gießer
noun	tabir	tab+i+re	Gießer
noun	tabrāni	tabrani	Wachholder?
noun	tabrān	tabrani	Wachholder?
noun	tabrēnni	tab+i+rē+nni	Schmied
noun	tabrin	tabrini	Wacholder?
noun	tabr	tabri	Stuhl
noun	tadani	tad+a+ni	u.B.
noun	tadan	tad+a+ni	u.B.
noun	tādareški	tād+ar+e+ški	u.B.
noun	tadi(-)ḫāduldašši	tādi	Liebe
noun	tadireški	tad+ir+e+ški	Liebe?
noun	tadi	tādi	Liebe
noun	tādi	tādi	Liebe
noun	tādittini	tāditti+ni	u.B.
noun	tadoġeba	Tado.Ḫeba	PN
noun	tad	tādi	Liebe
noun	tād	tādi	Liebe
noun	tadugari	tad+ugar+i	gegenseitige Liebe
noun	tadugar	tad+ugar+i	gegenseitige Liebe
noun	taduġeba	Tado.Ḫeba	PN
noun	tāduġeba	Tado.Ḫeba	PN
noun	tāduġebā	Tado.Ḫeba	PN
noun	taduġeb	Tado.Ḫeba	PN
noun	taduġeva	Tado.Ḫeba	PN
noun	taġakka	taġ+akka	Mann
noun	tāġan	tāġani	u.B.
noun	taġavore	taġav+o+re	u.B.
noun	taġavure	taġav+o+re	u.B.
noun	taġāži	taġ+ā+že	Mannhaftigkeit
noun	taġē	tāġe	Mann
noun	tāġe	tāġe	Mann
noun	tāġē	tāġe	Mann
noun	tāġē	tāġe	u.B.
noun	tāgidu	Tāgidu	DN
noun	taġi	tāġe	Mann
noun	tāġi	tāġe	Mann
noun	tāġi	tāġe	u.B.
noun	tagi	tagi	Licht; hell
noun	tāgi	tagi	Licht; hell
noun	taġōbi	taġōbi	u.B.
noun	tāġ	tāġe	Mann
noun	taġuwadi	taġ+o+vadi	u.B.
noun	tāle	tāle	Baum; Holz
noun	tālē	tāle	Baum; Holz
noun	tale	tale	u.B.
noun	talē	tale	u.B.
noun	talipp	talippi	u.B.
noun	tāli	tāle	Baum; Holz
noun	tali	tale	u.B.
noun	tāli	tale	u.B.
noun	talman	talm+a+ni	u.B.
noun	talmošše	Talmošše	GN
noun	tāl	tāle	Baum; Holz
noun	tāl	tale	u.B.
noun	tālūlīž	tāl+ūl+ī+že	u.B.
noun	tamari	tam+ar+i	u.B.
noun	tamāšši	tam+a+šše	u.B.
noun	tamgari	tamgāri	Händler
noun	tamgāri	tamgāri	Händler
noun	tamgar	tamgāri	Händler
noun	tamgina	Tamgina	DN
noun	tammaderi	tammaderi	u.B.
noun	tammarġi	tamm+ar+ġe	u.B.
noun	tām	tami	u.B.
noun	tanān	tanāni	Verstärkung
noun	tāngi	tān+gi	u.B.
noun	tāni	tāni	u.B.
noun	tānni	tanni	u.B.
noun	tann	tanni	u.B.
noun	tan	tāni	u.B.
noun	tān	tāni	u.B.
noun	tānumāgi	tānumāgi	u.B.
noun	tānuže	tān+o+že	u.B.
noun	tapḫ	tapḫi	u.B.
noun	tapšāġi	tapš+āġ+i	Mundschenk
noun	tapšāġ	tapš+āġ+i	Mundschenk
noun	tapšaġuḫḫ	tapš+aġ+o+ḫḫe	u.B.
noun	tapšaḫḫ	tapš+āġ+i	Mundschenk
noun	tapšōbādi	tapš+ō+bāde	u.B.
noun	tapšurže	tapš+ur+že	u.B.
noun	tapšurž	tapš+ur+že	u.B.
noun	taptani	tapt+a+ni	u.B.
noun	tapti	tapti	u.B.
noun	tarali	tarali	u.B.
noun	tarē	tarē	u.B.
noun	tārē	tarē	u.B.
noun	targi	tar+ġe	u.B.
noun	tariġe	tar+i+ġe	u.B.
noun	tarinni	tar+i+nni	u.B.
noun	tārinni	tar+i+nni	u.B.
noun	taripti	tar+i+pt+i	u.B.
noun	tāri	tāri	Feuer
noun	tāri	tāri	u.B.
noun	tarmani	tarm+a+ni	Quelle
noun	tarman	tarm+a+ni	Quelle
noun	tarni	tarni	u.B.
noun	tārōni	tār+ō+ni	u.B.
noun	tarr	tarri	u.B.
noun	tār	tāri	Feuer
noun	tar	tāri	u.B.
noun	tār	tāri	u.B.
noun	tarve	tarve	u.B.
noun	tarže	tarže	u.B.
noun	taržuwani	taržuwa+ni	Mensch
noun	taržuwāni	taržuwa+ni	Mensch
noun	taržūwāni	taržuwa+ni	Mensch
noun	taržuwan	taržuwa+ni	Mensch
noun	taržuwanzi	taržuwa+n+zi	Menschheit
noun	taškarġi	taškar+ġe	Buchsbaum?
noun	taššāmi	taššāmi	u.B.
noun	taššāmmi	taššāmi	u.B.
noun	tatḫi	tatḫi	u.B.
noun	tātḫi	tatḫi	u.B.
noun	tatḫundōri	tātḫ+und+ō+re	u.B.
noun	tātḫundōri	tātḫ+und+ō+re	u.B.
noun	tatti	tatti	u.B.
noun	tawti	taudi	u.B.
noun	tazakkaštur	tazakkašturi	u.B.
noun	taže	taže	Geschenk?; Gabe?
noun	tāže	taže	Geschenk?; Gabe?
noun	tāže	tāže	u.B.
noun	tažmežarri	Tažmi.šarri	PN
noun	tažmižarri	Tažmi.šarri	PN
noun	tāž	taže	Geschenk?; Gabe?
noun	tēadi	tēi+ade	u.B.
noun	tebē	tebe	u.B.
noun	tebi	tive	Wort; Sache
noun	teb	tebe	u.B.
noun	teb	tive	Wort; Sache
noun	tebušḫ	tiv+o+šḫi	Rede
noun	teder	tederi	u.B.
noun	tee	tē	Wort; Sache; Name?
noun	teffe	teffe	u.B.
noun	tēġid	teġidi	u.B.
noun	tēġi	tēġi	u.B.
noun	teġoli	teġ+ol+i	u.B.
noun	tēġošše	tēġ+o+šše	Erziehung?
noun	teġri	teġri	u.B.
noun	teġ	tēġi	u.B.
noun	tēġ	tēġi	u.B.
noun	teḫp	teḫpi	u.B.
noun	tei	tei	u.B.
noun	temg	tem+gi	u.B.
noun	temiġ	temiġi	u.B.
noun	temmāni	temm+ā+ni	u.B.
noun	tēni	tē+ni	Wort; Name?
noun	tēn	tēni	u.B.
noun	tēn	tē+ni	Wort; Name?
noun	teššeni	tešše+ni	u.B.
noun	tešše	tešše	erhaben
noun	tešši	tešše	erhaben
noun	teššī	tešše	erhaben
noun	tēšši	tešše	erhaben
noun	teššob	Teššob	DN
noun	teššōb	Teššob	DN
noun	teššoġe	tešš+o+ġe	u.B.
noun	tešš	tešše	erhaben
noun	teššub	Teššob	DN
noun	tē	tē	u.B.
noun	teve	tive	Wort; Sache
noun	tēve	tive	Wort; Sache
noun	težoġe	tež+o+ġe	u.B.
noun	tež	teži	u.B.
noun	težuġarġe	tež+uġ+ar+ġe	u.B.
noun	težuġarġi	tež+uġ+ar+ġe	u.B.
noun	težuġarġ	tež+uġ+ar+ġe	u.B.
noun	tibade	tibade	u.B.
noun	tibāġ	tibāġi	u.B.
noun	tibē	tive	Wort; Sache
noun	tibi	tive	Wort; Sache
noun	tībi	tive	Wort; Sache
noun	tibōšḫi	tiv+o+šḫi	Rede
noun	tib	tibi	u.B.
noun	tib	tive	Wort; Sache
noun	tidi	tidi	u.B.
noun	tīdi	tidi	u.B.
noun	tid	tidi	u.B.
noun	tīd	tidi	u.B.
noun	tiḫḫi	tiḫḫi	u.B.
noun	tiḫḫ	tiḫḫi	u.B.
noun	tillad	tilladi	u.B.
noun	tipšari	tip+šari	Rede, Angelegenheit
noun	tipšāri	tip+šari	Rede, Angelegenheit
noun	tīpšāri	tip+šari	Rede, Angelegenheit
noun	tipšar	tip+šari	Rede, Angelegenheit
noun	tiššuḫḫi	tišš+o+ḫḫe	u.B.
noun	ti	tiye	Wort; Sache
noun	tī	tiye	Wort; Sache
noun	titt	titti	u.B.
noun	tive	tive	Wort; Sache
noun	tīve	tive	Wort; Sache
noun	tīvini	tīvini	Stroh
noun	tivi	tive	Wort; Sache
noun	tīvi	tive	Wort; Sache
noun	tīvoli	tīvoli	u.B.
noun	tivošḫi	tiv+o+šḫi	Rede
noun	tivošḫ	tiv+o+šḫi	Rede
noun	tīv	tive	Wort; Sache
noun	tiye	tiye	Wort; Sache
noun	tiža	tiža	Herz
noun	tīža	tiža	Herz
noun	tižni	tiž+ni	Herz
noun	tiž	tiža	Herz
noun	tōbi	tōbi	Beschwörung
noun	tōb	tōbi	Beschwörung
noun	tōġadomani	tōġ+ad+om+a+ni	u.B.
noun	tōġadumanni	tōġ+ad+om+a+nni	u.B.
noun	tōġalzi	tōġal+zi	u.B.
noun	tōġuli	tōġuli	u.B.
noun	tōnili	tōn+ili	u.B.
noun	tōpši	tōpši	u.B.
noun	tōpš	tōpši	u.B.
noun	torove	torove	Feind
noun	tōruwe	torove	Feind
noun	tōruwi	torove	Feind
noun	t	tiye	Wort; Sache
noun	tūdigi	tūdi+gi	Abfallhaufen
noun	tūdig	tūdi+gi	Abfallhaufen
noun	tuffaēšḫe	tuffaē+šḫe	u.B.
noun	tugali	tugali	u.B.
noun	tugriž	Tugriž	PN
noun	tug	tugi	u.B.
noun	tui	tui	u.B.
noun	TUKUL-ri	šauri	Waffe
noun	tulbulimaž	tulbuli+m+a+že	u.B.
noun	tulbur	tulburi	u.B.
noun	tuli	tuli	u.B.
noun	tulli	tulli	u.B.
noun	tummi	tummi	u.B.
noun	tumnadi	tomn+adi	Vierergruppe
noun	tūnāḫḫi	tōn+ā+ḫḫe	u.B.
noun	tūnāḫḫi	tōn+āḫḫ+i	u.B.
noun	tūnāḫḫi	tūn+ā+ḫḫe	u.B.
noun	tūnāḫḫi	tūn+āḫḫ+i	u.B.
noun	tūnimmuššuḫḫ	tūn+imm+o+šš+oḫḫe	u.B.
noun	tunitḫe	tun+i+tḫe	u.B.
noun	tūni	tūni	Fußschemel?
noun	tunuwari	tunuwari	u.B.
noun	tupḫ	tupḫi	u.B.
noun	tuppi	tuppi	u.B.
noun	turbōri	turb+ō+re	u.B.
noun	turb	torove	Feind
noun	tūr	tūri	Unterseite?
noun	turuḫḫe	tūr+o+ḫḫe	Fundament?
noun	tūruḫḫi	tūr+o+ḫḫe	Fundament?
noun	turžē	turžē	Lunge
noun	tuwarni	tuw+ar+ni	u.B.
noun	ubilbaeži	Ubilbaeži	GN
noun	ubindi	ubindi	u.B.
noun	ubi	obi	Gerste?
noun	ubiptēšši	Ubip.tēšši	PN
noun	ubi	ubi	Gerste
noun	ubī	ubi	Gerste
noun	ubī	ubī	u.B.
noun	ub	ubi	Gerste
noun	ub	ubī	u.B.
noun	ubugarže	ub+ugar+že	Schlacht
noun	udadeli	udadeli	u.B.
noun	udipšari	Odip.šarri	PN
noun	udipšarra	Udip.šarra	PN
noun	udipšarr	Udip.šarra	PN
noun	uēkki	uwēkki	u.B.
noun	uenava	Uenawa	GN
noun	uenawa	Uenawa	GN
noun	ueruḫḫ	uwer+o+ḫḫe	u.B.
noun	uēttani	uw+ett+a+ni	u.B.
noun	uētt	uwētti	hungrig
noun	ue	uwi	Brot
noun	uġāri	uġ+ār+i	u.B.
noun	uġi	uġi	Schwein
noun	uġni	oġ+ni	u.B.
noun	ugolziġe	ug+ol+z+i+ġe	das Niederknien?
noun	uġōni	oġ+o+ni	Weh(geschrei)
noun	uġōžamāšši	oġ+ōž+a+mā+šše	u.B.
noun	uittani	uw+ett+a+ni	u.B.
noun	ui	uwi	Brot
noun	uī	uwi	Brot
noun	ūllu	Ūllu	PN
noun	ulme	ūl+me	Sklavin; Dienerin
noun	umbašši	tupp+a+šše	u.B.
noun	umbašši	umb+a+šše	u.B.
noun	umba	Umba	DN
noun	ūmbiž	ūmb+i+že	u.B.
noun	umb	Umba	DN
noun	umb	umbi	u.B.
noun	umbundore	umb+und+o+re	u.B.
noun	umbu	Umbu	DN
noun	uminī	omini	Land
noun	umin	omini	Land
noun	ummallidašše	umm+all+id+a+šše	u.B.
noun	ummani	ummani	Truppe
noun	umman	ummani	Truppe
noun	umman	ummani	u.B.
noun	ūmmumašše	ūmm+um+a+šše	u.B.
noun	umve	umve	u.B.
noun	uniġe	un+i+ġe	u.B.
noun	uniġi	un+i+ġe	u.B.
noun	uniġ	un+i+ġe	u.B.
noun	univ	univi	u.B.
noun	unošḫe	un+o+šḫe	u.B.
noun	ūn	uw+o+ni	Brot?
noun	uraē	uraē	u.B.
noun	ūrdašše	ūrd+a+šše	u.B.
noun	urgi	urgi	u.B.
noun	ūrġi	ūrġi	wahr
noun	urġ	ūrġi	wahr
noun	uri	ori	Fuß
noun	uri	ure	Mitteilung?; Vorhersage?
noun	uri	uri	u.B.
noun	ūrmi	ūrmi	Leber
noun	urnirni	urnir+ni	Finger
noun	ur	ori	Fuß
noun	ūrrugi	ūrrugi	u.B.
noun	urūbi	urūbi	u.B.
noun	urunni	or+o+nni	hinterer; Rückseite
noun	urunn	or+o+nni	hinterer; Rückseite
noun	ur	ure	Mitteilung?; Vorhersage?
noun	ur	uri	u.B.
noun	ururmil	orurmili	u.B.
noun	URU-t	arde	Stadt
noun	URU-te	arde	Stadt
noun	URU-ti	arde	Stadt
noun	ušḫār	ušḫ+ār+i	u.B.
noun	ušḫōni	ošḫo+ni	Silber
noun	ušḫune	ošḫo+ni	Silber
noun	ušḫuni	ošḫo+ni	Silber
noun	ušḫun	ošḫo+ni	Silber
noun	uššešše	ušš+e+šše	u.B.
noun	uššiġi	ušš+i+ġe	u.B.
noun	uštašši	ošt+a+šše	Heldentum
noun	ušted	uštedi	u.B.
noun	ūšte	ūšte	u.B.
noun	uštiġi	ošt+i+ġe	Erhebung?
noun	utḫari	utḫari	Zeichen?
noun	UTU-kai	Šimiga+i	DN
noun	UTU-ka	Šimiga	DN
noun	UTU-ki	Šimige	DN
noun	UTU-k	Šimige	DN
noun	uwallinni	uw+all+i+nni	u.B.
noun	uwalli	uwalli	u.B.
noun	uwīri	uwīri	u.B.
noun	uwi	uwi	Brot
noun	uwi	uwi	u.B.
noun	uw	uwi	Brot
noun	uže	uže	Fleisch?
noun	uzi	uzi	Fleisch
noun	užoni	už+o+ni	u.B.
noun	užonni	už+o+nni	u.B.
noun	užōn	už+o+ni	u.B.
noun	ūž	uw+o+že	u.B.
noun	už	uži	u.B.
noun	ZAG-e	fandi	recht, rechte Seite
noun	ZAG-n	fand+a+ni	recht, rechte Seite
noun	ZAG-ni	fand+a+ni	recht, rechte Seite
noun	ZAG-t	fandi	recht, rechte Seite
noun	ZAG-ti	fandi	recht, rechte Seite
noun	ZÍ-	ažne	Gallenblase
noun	ZÍ-ne	ažne	Gallenblase
noun	ZÍ-ni	ažne	Gallenblase
noun	ZUEN-uġ	Kužuġ	DN
NUM	1-EN	šokko	eins; einer
NUM	2-EN	šine	zwei
NUM	2-ni	šine	zwei
NUM	2-še	šin+ze	zweiter
NUM	2	šine	zwei
NUM	2-ŠU	šine	zwei
NUM	4	tomni	vier
NUM	6	6KAM	sechster
NUM	emanže	eman+že	zehnter
NUM	emašše	eman+že	zehnter
NUM	ēmmanze	eman+že	zehnter
NUM	kēški	keški	dritter
NUM	kīgie	kīge	drei
NUM	kīgi	kīge	drei
NUM	kīg	kīge	drei
NUM	kirman	kir+man	achtzehn
NUM	kirmānze	kir+mān+ze	achtzehnter
NUM	nārišše	nāri+šše	fünfter
NUM	nubi	nubi	zehntausend
NUM	nūbi	nubi	zehntausend
NUM	šende	šindi	sieben
NUM	šēndešše	šēnde+šše	siebter
NUM	šend	šindi	sieben
NUM	šēšše	šēš+še	sechster
NUM	šēže	šēžē	sechs
NUM	šēžie	šēžē	sechs
NUM	šēž	šēžē	sechs
NUM	šindai	šindai	sieben
NUM	šindāi	šindai	sieben
NUM	šindi	šindi	sieben
NUM	šindižūw	šindi+ž+ūwi	siebter
NUM	šīnd	šindi	sieben
NUM	šine	šine	zwei
NUM	šinzi	šin+ze	zweiter
NUM	šīnzi	šin+ze	zweiter
NUM	šinz	šin+ze	zweiter
NUM	šōkku	šokko	eins; einer
NUM	šukk	šokko	eins; einer
NUM	šukku	šokko	eins; einer
NUM	tamri	tamri	neun
NUM	tamr	tamri	neun
NUM	tōmmušše	tōmmo+šše	vierter
NUM	tomni	tomni	vier
NUM	tumn	tomni	vier
POST	abi	avi	vor
POST	ābi	avi	vor
POST	avi	avi	vor
POST	āvi	avi	vor
POST	igi	egi	mitten
POST	ištāni	ištani	in
PREP	abi	avi	vor
PREP	ābi	avi	vor
PREP	appi	avi	vor
PREP	avi	avi	vor
PREP	āvi	avi	vor
PREP	egi	egi	in
PREP	igi	egi	in
PREP	ištani	ištani	in
PREP	ištāni	ištani	in
PREP	ištaniž	ištani	in
PREP	išteni	išteni	in
PREP	išteniž	išteni	in
PREP	ŠÈ	ŠÈ	nach; zu
PRON	abi	ave	wer; jeder
PRON	ag	agi	PRON.ALT
PRON	agi	agi	PRON.ALT
PRON	agō	ago	PRON.ALT
PRON	agu	ago	PRON.ALT
PRON	akki	ākki	PRON.ALT
PRON	ākki	ākki	PRON.ALT
PRON	an	an	PRON.DEM
PRON	andi	andi	PRON.ANAPH
PRON	ane	ane	PRON.ANAPH?
PRON	anne	anni	PRON.DEM
PRON	anni	anni	PRON.DEM
PRON	ave	ave	wer; jeder
PRON	avei	ave	wer; jeder
PRON	fe	fē	2PRON
PRON	fē	fē	2PRON
PRON	ište	ište	1PRON.SG
PRON	išti	ište	1PRON.SG
PRON	iž	iž	1PRON.SG
PRON	māna	mān+a	PRON.INDF
PRON	mānie	mānne	3PRON
PRON	man	man	3PRON
PRON	mān	man	3PRON
PRON	mānni	mānne	3PRON
PRON	manu	manu	3PRON
PRON	mānu	manu	3PRON
PRON	oli	oli	anderer
PRON	pē	fē	2PRON
PRON	šatti	šatti	1PRON.PL
PRON	šātti	šatti	1PRON.PL
PRON	šōe	šōe	alle; ganz
PRON	šōi	šōe	alle; ganz
PRON	šo	šo	1PRON
PRON	šō	šo	1PRON
PRON	šuē	šōe	alle; ganz
PRON	ul	oli	anderer
unclear	agūll	agūlli	u.B.
unclear	ḫeēr	ḫēr	u.B.
unclear	īani	īani	u.B.
unclear	kāššui	kāššui	u.B.
unclear	šuwanilam	šuwanilam	u.B.
verb	a	a	u.B.
verb	āb	āb	u.B.
verb	ad	ad	herabkommen?; herabbringen?
verb	ad	ad	u.B.
verb	ag	ag	aufnehmen; aufrichten; erheben; heraufkommen
verb	ag	ag	u.B.
verb	agarġ	ag+ar+ġ	u.B.
verb	aġarž	aġarž	u.B.
verb	aġrā	aġrā	weihräuchern
verb	āġr	āġr	weihräuchern
verb	agum	agumi	u.B.
verb	aġurž	aġurž	u.B.
verb	al	al	sprechen
verb	al	al	trinken; tränken
verb	al	al	u.B.
verb	al	alu	sprechen
verb	āl	alu	sprechen
verb	ald	ald	u.B.
verb	alē	alē	heranreichen lassen; sich nähern
verb	alġ	alġ	u.B.
verb	ali	alē	heranreichen lassen; sich nähern
verb	alilan	al+il+an	jammern; beklagen; schreien
verb	all	all	u.B.
verb	alu	alu	sprechen
verb	aluw	alu	sprechen
verb	ālv	ālv	u.B.
verb	ālz	ālz	u.B.
verb	am	am	ansehen
verb	am	am	u.B.
verb	ām	am	u.B.
verb	am	am	verbrennen
verb	āmb	āmb	brennen; verbrennen
verb	amm	amm	erreichen; gelangen lassen
verb	āmm	amm	erreichen; gelangen lassen
verb	amud	am+ud	u.B.
verb	amurž	amurž	u.B.
verb	ana	ana	sich freuen; erfreuen
verb	an	an	sich freuen
verb	an	an	u.B.
verb	anz	anz	u.B.
verb	ānz	anz	u.B.
verb	ānž	ānž	u.B.
verb	ar	ar	geben
verb	ār	ar	geben
verb	ar	ar	u.B.
verb	ard	ard	u.B.
verb	ari	ari	u.B.
verb	arm	arm	u.B.
verb	ašḫ	āšḫ	opfern
verb	āšḫ	āšḫ	opfern
verb	ašk	ašk	fragen?; zur Rede stellen?
verb	āšš	āšš	(ab)waschen, reinigen
verb	āšš	āšš	u.B.
verb	ašt	ašt	u.B.
verb	att	att	u.B.
verb	av	av	u.B.
verb	až	až	abwischen, reinigen
verb	az	az	u.B.
verb	až	až	u.B.
verb	aži	aži	u.B.
verb	ažož	až+ož	abwischen
verb	ažōž	až+ož	abwischen
verb	aʾ	aʾ	u.B.
verb	BA.ÚŠ	BA.ÚŠ	sterben (lassen)
verb	BA.ÚŠ-t	BA.ÚŠ+d	sterben
verb	ed	ed	u.B.
verb	ēd	ed	u.B.
verb	eg	eg	rein sein; reinigen
verb	eg	eg	u.B.
verb	eġepš	eġ+epš	lähmen?
verb	egib	egib	u.B.
verb	eġl	eġl	retten
verb	egošš	eg+o+šš	rein sein / machen
verb	egōšš	eg+o+šš	rein sein / machen
verb	egušš	eg+o+šš	rein sein / machen
verb	en	en	u.B.
verb	enud	en+ud	u.B.
verb	ērd	ērd	u.B.
verb	er	er	gedeihen lassen
verb	ēr	ēr	u.B.
verb	ērġ	ērġ	u.B.
verb	ērn	ērn	u.B.
verb	ēšḫ	ēšḫ	u.B.
verb	fad	fad	u.B.
verb	fael	fael	u.B.
verb	fa	fa	u.B.
verb	fāġ	faġ	zerstören
verb	faġr	faġr	gut sein; gut machen
verb	fāġr	faġr	gut sein; gut machen
verb	fal	fal	u.B.
verb	fār	fār	u.B.
verb	far	pār	losgehen; einziehen
verb	fašš	fašš	schicken
verb	fašš	fašš	u.B.
verb	fašt	fašt	u.B.
verb	faž	faž	eintreten; hineinbringen
verb	fāž	faž	eintreten; hineinbringen
verb	fēḫḫ	fēḫḫ	u.B.
verb	fēl	fēl	u.B.
verb	fēll	fēll	u.B.
verb	felz	felz	u.B.
verb	fend	pend	zurückbringen; zurückkehren; zurückkommen; zurückschicken
verb	fēn	fēn	u.B.
verb	fitf	fitf	u.B.
verb	fōd	fud	waschen, reinigen
verb	fog	fog	u.B.
verb	fogl	fogl	versammeln
verb	for	for	sehen
verb	fōr	for	sehen
verb	fud	fud	waschen, reinigen
verb	fūr	fūr	sehen?
verb	ḫabān	ḫabān	überwechseln
verb	ḫād	ḫād	u.B.
verb	ḫa	ḫa	nehmen
verb	ḫā	ḫa	nehmen
verb	ḫāl	ḫāl	wegtragen
verb	ḫān	ḫān	gebären
verb	ḫapš	ḫapš	werfen?
verb	ḫāpš	ḫapš	werfen?
verb	ḪARf	Ḫarvi	DN
verb	ḫār	ḫār	u.B.
verb	ḪARn	ḫarn	u.B.
verb	ḪARn	ḫurn	u.B.
verb	ḪARn	murn	u.B.
verb	ḪARp	ḫarb	u.B.
verb	ḪARp	ḫurb	u.B.
verb	ḪARp	murb	u.B.
verb	ḫašt	ḫašt	u.B.
verb	ḫatḫ	ḫatḫ	einbrechen
verb	ḫauz	ḫauz	u.B.
verb	ḫaž	ḫaž	hören
verb	ḫāž	ḫaž	hören
verb	ḫāž	ḫāž	u.B.
verb	ḫeld	ḫild	u.B.
verb	ḫēl	ḫēl	u.B.
verb	ḫell	ḫill	mitteilen
verb	ḫenzād	ḫenz+ād	verschuldet sein?
verb	ḫenz	ḫenz	schulden?
verb	ḫēr	ḫēr	u.B.
verb	ḫežāl	ḫež+āl	nackt sein
verb	ḫ	ḫa	nehmen
verb	ḫīd	ḫīd	u.B.
verb	ḫil	ḫil	u.B.
verb	ḫīl	ḫil	u.B.
verb	ḫill	ḫill	mitteilen
verb	ḫimzatḫ	ḫimz+a+tḫ	gürten
verb	ḫimz	ḫimz	binden; sich gürten
verb	ḫir	ḫir	u.B.
verb	ḫiv	ḫiv	u.B.
verb	ḫīž	ḫīž	u.B.
verb	ḫižm	ḫižm	glänzen
verb	ḫōb	ḫōb	u.B.
verb	ḫōb	ḫōb	zerbrechen
verb	ḫōd	ḫōd	beten; preisen; segnen
verb	ḫōeni(-)eva(-)nipp	nipp	u.B.
verb	ḫō	ḫō	rufen
verb	ḫōl	ḫōl	u.B.
verb	ḫōmn	ḫōmn	u.B.
verb	ḫōp	ḫōp	u.B.
verb	ḫōpt	ḫōpt	u.B.
verb	ḫōra	ḫōra	u.B.
verb	ḫōr	ḫōr	u.B.
verb	ḫōrr	ḫōrr	u.B.
verb	ḫōš	ḫōš	u.B.
verb	ḫōšt	ḫōšt	u.B.
verb	ḫōž	ḫōž	binden
verb	ḫōž	ḫōž	u.B.
verb	ḫub	ḫub	zerbrechen
verb	ḫubl	ḫubl	verschließen?
verb	ḫuld	ḫuld	u.B.
verb	ḫul	ḫul	u.B.
verb	ḫull	ḫull	u.B.
verb	ḫuppad	ḫupp+ad	u.B.
verb	ḫupš	ḫupš	u.B.
verb	ḫutḫ	ḫutḫ	preisen
verb	ḫuwi(-)ka	ka	u.B.
verb	ḫuwi(-)kaud	ḫō	rufen
verb	ḫuž	ḫōž	binden
verb	ḫūž	ḫūž	binden?
verb	id	id	schlagen
verb	id	id	u.B.
verb	ig	ig	u.B.
verb	iġ	iġ	u.B.
verb	il	il	u.B.
verb	īll	īll	u.B.
verb	ind	ind	u.B
verb	inġ	inġ	u.B.
verb	in	in	u.B.
verb	ird	ird	u.B.
verb	ir	ir	u.B.
verb	irn	irn	gleich sein
verb	išk	išk	u.B.
verb	iss	iss	u.B.
verb	ištani	ištani	u.B.
verb	išt	ištani	u.B.
verb	itk	itk	reinigen
verb	itt	itt	gehen
verb	itt	itt	kleiden
verb	iv	iv	u.B.
verb	iž	iž	jammern; klagen
verb	iž	iž	u.B.
verb	kabl	kabl	u.B.
verb	kad	kad	sagen; sprechen
verb	kād	kad	sagen; sprechen
verb	kad	kad	u.B.
verb	kalb	kalb	u.B.
verb	kāl	kāl	u.B.
verb	kamv	kamv	u.B.
verb	kanāg	kan+āg	u.B.
verb	kanz	kanz	u.B.
verb	kapp	kapp	aufschütten
verb	kapš	kapš	u.B.
verb	karapt	kar+apt	u.B.
verb	kār	kar	u.B.
verb	kaš	kaš	u.B.
verb	kašt	kašt	u.B.
verb	kāv	kāv	u.B.
verb	kaž	kāž	u.B.
verb	kāž	kāž	u.B.
verb	kažl	kažl	stark sein
verb	kāžl	kažl	stark sein
verb	kēb	kev	setzen; stellen; legen
verb	kēd	kēd	u.B.
verb	ke	ke	setzen; stellen; legen
verb	keligel	keli+gel	hochlegen
verb	kēl	kēl	wohl sein; wohl machen
verb	kēnn	kēnn	u.B.
verb	ker	ker	lang / dauerhaft sein
verb	kēr	kēr	u.B.
verb	kev	kev	setzen; stellen; legen
verb	kēv	kev	setzen; stellen; legen
verb	kib	kev	setzen; stellen; legen
verb	kig	kig	u.B.
verb	kikk	kikk	u.B.
verb	kilān	kil+ān	hochragen
verb	kil	kēl	wohl sein; wohl machen
verb	kīl	kil	u.B.
verb	kilūn	kil+ōn	sich erheben?
verb	kin	kin	u.B.
verb	kinn	kinn	u.B.
verb	kip	kip	u.B.
verb	kipt	kipt	u.B.
verb	kirašš	kir+ašš	lang / dauerhaft machen
verb	kir	kir	freilassen
verb	kir	kir	u.B.
verb	kišḫ	kešḫ	thronen
verb	kišši(-)tamašš	kišš	u.B.
verb	kišš	kišš	u.B.
verb	kiv	kev	setzen; stellen; legen
verb	kol	kol	ablassen; beiseite lassen
verb	kōlm	kōlm	u.B.
verb	kōm	kōm	u.B.
verb	kōr	kōr	u.B.
verb	kub	kub	u.B.
verb	kud	kud	fallen; niederwerfen
verb	kūg	kūg	u.B.
verb	kul	kol	ablassen; beiseite lassen
verb	kul	kul	sprechen
verb	kūl	kul	sprechen
verb	kul	kul	u.B.
verb	kulmi(-)ḫ	ḫō	rufen
verb	kulmi(-)ḫušt	ḫušt	u.B.
verb	kulm	kulm	tief sein?
verb	kulm	kulm	u.B.
verb	kulumb	kul+u+mb	u.B.
verb	kund	kund	u.B.
verb	kunz	kunz	verbeugen
verb	kur	kur	erwidern
verb	kur	kur	u.B.
verb	kutk	kutk	u.B.
verb	kutkūd	kut+kūd	u.B.
verb	kuz	kuz	u.B.
verb	madl	madl	u.B.
verb	mad	mad	u.B.
verb	mad	mād	weise sein / machen
verb	mād	mād	weise sein / machen
verb	maġ	maġ	u.B.
verb	mal	mal	u.B.
verb	māl	māl	u.B.
verb	mānn	mānn	sein
verb	mar	mar	erkranken?
verb	mār	mar	u.B.
verb	marud	marudi	u.B.
verb	maž	maž	u.B.
verb	meġ	meġ	hintreten
verb	mēġ	meġ	hintreten
verb	mēg	mēg	u.B.
verb	melaḫḫ	mel+aḫḫ	vertreiben
verb	mēr	mēr	u.B.
verb	mid	mid	u.B.
verb	miġ	meġ	hintreten
verb	mig	mig	u.B.
verb	miġ	miġ	u.B.
verb	mil	mil	vertreiben
verb	mīr	mīr	u.B.
verb	mirž	mirž	u.B.
verb	mor	mor	u.B.
verb	munġ	munġ	u.B.
verb	mun	mun	u.B.
verb	murġ	murġ	u.B.
verb	muž	mūž	bereiten; ordnen
verb	mūž	mūž	bereiten; ordnen
verb	nāb	nāb	sterben
verb	naḫḫ	naḫḫ	sich setzen; sitzen; einsetzen
verb	nakk	nakk	freilassen; gewähren
verb	nak	nak	u.B.
verb	nakt	nakt	u.B.
verb	nāl	nāl	u.B.
verb	nā	nā	weiden
verb	nān	nān	schlagen
verb	našp	našp	u.B.
verb	nav	nav	u.B.
verb	nav	nav	weiden
verb	nāv	nav	weiden
verb	naž	naž	u.B.
verb	nelġ	nelġ	u.B.
verb	nēl	nēl	u.B.
verb	nēr	nēr	gut sein; gut machen
verb	ner	nēr	u.B.
verb	nēr	nēr	u.B.
verb	nig	nig	u.B.
verb	nil	nil	u.B.
verb	nīn	nīn	u.B.
verb	nīr	nir	u.B.
verb	niv	niv	schreiben?
verb	nūd	nūd	u.B.
verb	NU.GÁL-	NU.GÁL	nicht sein
verb	nūm	nūm	u.B.
verb	nū	nū	u.B.
verb	oll	oll	zurückhalten; niederdrücken
verb	olluġ	oll+uġ	abwischen; niederdrücken
verb	ōlm	ōlm	u.B.
verb	ol	ol	u.B.
verb	ōrd	ōr+d	u.B.
verb	or	or	u.B.
verb	ōšš	ōšš	gehen
verb	ōšš	ōšš	u.B.
verb	ōštann	ōšt+ann	heldenhaft machen?
verb	ošt	ošt	aufstehen; erheben; fortbringen; herausgehen
verb	ōšt	ošt	aufstehen; erheben; fortbringen; herausgehen
verb	padn	padn	u.B.
verb	paġ	pāġ	zerstören
verb	pāġ	pāġ	zerstören
verb	pal	pal	kennen; wissen
verb	pāl	pal	kennen; wissen
verb	pand	fand	recht sein; richtig sein
verb	par	par	anlocken?
verb	pār	pār	losgehen; einziehen
verb	par	pār	u.B.
verb	pār	pār	u.B.
verb	pašš	pašš	schicken
verb	pass	pass	u.B.
verb	paž	faž	eintreten; hineinbringen
verb	pāž	faž	eintreten; hineinbringen
verb	pēduġ	pēd+uġ	drehen; zurückwenden; zurückgeben
verb	pēġ	pēġ	u.B.
verb	pend	pend	zurückbringen; zurückkehren; zurückkommen; zurückschicken
verb	pen	pen	hochheben
verb	pen	pen	u.B.
verb	pēž	pēž	u.B.
verb	pīar	pīar	u.B.
verb	pid	pid	u.B.
verb	pīd	pid	u.B.
verb	piduff	pid+uff	sich drehen
verb	piduġ	pīd+uġ	u.B.
verb	pīduġ	pīd+uġ	u.B.
verb	pig	pig	u.B.
verb	piġ	piġ	u.B.
verb	pind	pend	zurückbringen; zurückkehren; zurückkommen; zurückschicken
verb	pir	pir	u.B.
verb	pirr	pirr	u.B.
verb	pišḫ	pišḫ	u.B.
verb	pižešḫ	piž+ešḫ	ausspeien
verb	pōr	for	sehen
verb	pōss	pōss	u.B.
verb	p	pa	bauen
verb	pūdang	pūd+ang	ankündigen
verb	pūd	fud	waschen, reinigen
verb	pugl	fogl	versammeln
verb	pugul	fogl	versammeln
verb	pūr	fūr	sehen?
verb	purġ	purġ	u.B.
verb	puss	puss	u.B.
verb	pūziġ	pūz+iġ	eintauchen
verb	sabl	sabl	u.B.
verb	šadn	šadn	u.B.
verb	šad	šad	ersetzen
verb	šāġl	šāġl	u.B.
verb	šag	šag	u.B.
verb	šalġ	šalġ	hören auf
verb	sal	sal	u.B.
verb	sāl	sal	u.B.
verb	šāl	šāl	u.B.
verb	sammal	samm+al	abreißen
verb	šarr	šarr	u.B.
verb	šār	šār	u.B.
verb	šār	šār	wünschen
verb	šatt	šātt	ergreifen
verb	šātt	šātt	ergreifen
verb	šāval	šāv+al	einsteigen?
verb	šāv	šāv	einsteigen?
verb	sav	sav	u.B.
verb	sāz	sāz	u.B.
verb	šaž	šaž	u.B.
verb	sāz	sāz	verköstigen
verb	šēal	šēal	u.B.
verb	šeb	šeb	u.B.
verb	šeġal	šeġal	rein sein; reinigen
verb	šeġāl	šeġal	rein sein; reinigen
verb	šēġal	šeġal	rein sein; reinigen
verb	š	eġ+epš	lähmen?
verb	šeġl	šeġ+l	eintreten
verb	šeġl	šeġl	rein sein
verb	šeġr	šeġr	angenehm / großzügig sein
verb	šeġr	šeġr	u.B.
verb	šēġ	šēġ	eintreten
verb	šel	šel	u.B.
verb	šend	šend	u.B.
verb	šēn	šēn	u.B.
verb	šēr	šēr	u.B.
verb	šer	šer	zugrunde richten
verb	šē	šē	u.B.
verb	šēž	šēž	u.B.
verb	šial	šial	u.B.
verb	sib	sib	u.B.
verb	šib	šib	u.B.
verb	šid	šid	verfluchen
verb	šiġal	šeġal	rein sein; reinigen
verb	šiġāl	šeġal	rein sein; reinigen
verb	sigal	sig+al	u.B.
verb	sīg	sīg	u.B.
verb	šīġ	šīġ	u.B.
verb	sikk	sikk	zerbrechen
verb	šild	šild	u.B.
verb	silman	silm+an	zerbrechen
verb	šil	šil	u.B.
verb	šilumōtḫ	šil+um+ō+tḫ	u.B.
verb	šind	šind	u.B.
verb	šīnd	šind	u.B.
verb	širad	šir+ad	erzählen
verb	šīrn	šīrn	u.B.
verb	šīr	šīr	genügen; entsprechen
verb	šīr	šīr	u.B.
verb	ši	šī	beobachten
verb	šī	šī	beobachten
verb	ši	ši	u.B.
verb	siss	siss	u.B.
verb	sitk	sitk	u.B.
verb	šiw	ši	u.B.
verb	šōd	šōd	u.B.
verb	šōl	šōl	u.B.
verb	šōn	šōn	u.B.
verb	šōrr	šōrr	eilen?
verb	šōrr	šōrr	u.B.
verb	sōr	sōr	u.B.
verb	šōr	šōr	u.B.
verb	šō	šō	füllen
verb	sō	sō	u.B.
verb	šō	šō	u.B.
verb	š	šī	beobachten
verb	š	ši	u.B.
verb	subn	subn	u.B.
verb	sub	sub	u.B.
verb	šugārd	šug+ārd	vereinen?
verb	sugazūg	suga+zūg	u.B.
verb	sugm	sugm	hereinkommen
verb	sug	sug	u.B.
verb	šuġ	šuʾ	u.B.
verb	šūḫḫ	šūḫḫ	u.B.
verb	šukk	šokk	eins sein
verb	sukk	sukk	u.B.
verb	šukk	šukk	u.B.
verb	šukkutt	šukk+utt	u.B.
verb	sulōd	sul+ud	lösen
verb	sūl	sūl	binden
verb	sulud	sul+ud	lösen
verb	sulūd	sul+ud	lösen
verb	šummun	šummun	aushändigen?
verb	šum	šum	u.B.
verb	šūp	šūp	u.B.
verb	šūpt	šūpt	u.B.
verb	šurb	šurb	u.B.
verb	šurr	šurr	eilen
verb	šūr	šūr	abstechen
verb	sur	sur	u.B.
verb	šūr	šūr	u.B.
verb	šušk	šušk	aufsteigen?
verb	šu	šu	u.B.
verb	ŠÚ	ŠÚ	umwölken
verb	ŠÚ-t	ŠÚ	umwölken
verb	šūw	šūw	u.B.
verb	tab	tab	u.B.
verb	tāb	tab	u.B.
verb	tad	tad	lieben
verb	tag	tag	hell / makellos sein; leuchten
verb	taġ	tāġ	u.B.
verb	tāġ	tāġ	u.B.
verb	talāḫḫ	tal+āḫḫ	herausziehen
verb	tālāḫḫ	tal+āḫḫ	herausziehen
verb	talamd	talam+d	groß machen
verb	talmōv	talmōv	groß werden
verb	talm	talm	groß sein / machen
verb	tal	tal	herausziehen
verb	tāl	tal	herausziehen
verb	tal	tal	u.B.
verb	tāl	tal	u.B.
verb	tamr	tamr	u.B.
verb	tā+n	tān	machen
verb	tān	tān	machen
verb	tapḫ	tapḫ	u.B.
verb	tapš	tapš	ausgießen?
verb	tāpš	tāpš	u.B.
verb	tapš	tapš	überschreiten
verb	tap	tap	u.B.
verb	tapt	tapt	u.B.
verb	tarb	tarb	u.B.
verb	tarn	tarn	u.B.
verb	tarr	tarr	u.B.
verb	tar	tār	u.B.
verb	tār	tār	u.B.
verb	tatt	tatt	u.B.
verb	tav	tav	gießen
verb	tav	tav	u.B.
verb	tāw	tā	u.B.
verb	taž	taž	hinzufügen?
verb	teġr	teġr	u.B.
verb	teġ	teġ	heranwachsen
verb	tēġ	teġ	heranwachsen
verb	teḫp	teḫp	u.B.
verb	teḫ	teḫ	u.B.
verb	teḫt	teḫ+t	u.B.
verb	tel	tel	vermehren
verb	tēl	tel	vermehren
verb	temm	temm	u.B.
verb	tešš	tešš	u.B.
verb	te	te	sprechen
verb	tib	tiv	sprechen
verb	tib	tiv	u.B.
verb	tīd	tīd	angreifen
verb	tid	tīd	u.B.
verb	tīd	tīd	u.B.
verb	tid	tīd	zählen
verb	tīd	tīd	zählen
verb	tiḫḫ	tiḫḫ	u.B.
verb	tilol	til+ol	zertreten; zerstampfen
verb	titt	titt	u.B.
verb	tiv	tiv	sprechen
verb	tīv	tiv	sprechen
verb	tīv	tīv	u.B.
verb	tiz	tiz	u.B.
verb	tīž	tīž	u.B.
verb	tōġ	tōġ	u.B.
verb	tōmv	tōmv	u.B.
verb	ton	ton	ausstatten
verb	tōpš	tōpš	u.B.
verb	tōr	tūr	hinabgehen
verb	t	te	sprechen
verb	tug	tug	u.B.
verb	tun	ton	ausstatten
verb	tūn	ton	ausstatten
verb	tun	tūn	vermögen; überwinden
verb	tūn	tūn	vermögen; überwinden
verb	tūnuw	tūnuw	u.B.
verb	tupḫ	tupḫ	u.B.
verb	tupp	tupp	bleiben; versammeln
verb	turb	torv	feindlich sein?
verb	tūr	tūr	hinabgehen
verb	ub	ub	töten; schlachten
verb	ub	ub	u.B.
verb	ud	ud	u.B.
verb	uētt	uw+ētt	hungrig sein
verb	ugulgar	ug+ol+gar	niederknien
verb	ugulg	ugulg	u.B.
verb	ugulz	ug+ol+z	niederknien
verb	ukk	ukk	u.B.
verb	ulān	ul+ān	fressen
verb	ul	ol	u.B.
verb	umb	umb	u.B.
verb	ūmb	umb	u.B.
verb	umm	umm	stehen
verb	ūmm	umm	stehen
verb	umm	umm	u.B.
verb	un	un	kommen; bringen
verb	ūpš	ūpš	mähen?; ernten?
verb	ūrġ	ūrġ	wahr sein
verb	ur	or	u.B.
verb	ur	ur	existieren
verb	ur	ur	u.B.
verb	ur	ur	wünschen
verb	ur	ur	zeigen
verb	ušḫ	ušḫ	u.B.
verb	ušš	ōšš	gehen
verb	ūšš	ōšš	gehen
verb	ušš	ōšš	u.B.
verb	ušt	ošt	aufstehen; erheben; fortbringen; herausgehen
verb	uw	ub	töten; schlachten
verb	uw	uw	essen
verb	už	už	u.B.
